E[1] [eV],Im(eps)_nbnd_20,Im(eps)_nbnd_30,Im(eps)_nbnd_40,Im(eps)_nbnd_50,Im(eps)_nbnd_60,Im(eps)_nbnd_70,Im(eps)_nbnd_80,Im(eps)_nbnd_90,Im(eps)_nbnd_100
5.000000,0.65532100,0.65534800,0.65535800,0.65536300,0.65536500,0.65536700,0.65536900,0.65536900,0.65536900
5.037593,0.82713900,0.82716600,0.82717600,0.82718200,0.82718300,0.82718500,0.82718600,0.82718700,0.82718700
5.075188,1.09098500,1.09101100,1.09102200,1.09102700,1.09102800,1.09103000,1.09103100,1.09103200,1.09103300
5.112782,1.49863700,1.49866300,1.49867400,1.49867800,1.49868200,1.49868200,1.49868500,1.49868400,1.49868400
5.150376,2.10259300,2.10262000,2.10262900,2.10263700,2.10263700,2.10263800,2.10264100,2.10263900,2.10264000
5.187970,2.83325700,2.83328300,2.83329400,2.83329800,2.83330000,2.83330200,2.83330200,2.83330400,2.83330200
5.225564,3.28893400,3.28896000,3.28897000,3.28897300,3.28897800,3.28897800,3.28898100,3.28898200,3.28898100
5.263157,3.16046700,3.16049300,3.16050300,3.16050900,3.16051100,3.16051300,3.16051400,3.16051300,3.16051300
5.300752,2.85508000,2.85510600,2.85511700,2.85512100,2.85512300,2.85512600,2.85512600,2.85512700,2.85512700
5.338346,2.71703900,2.71706500,2.71707700,2.71708100,2.71708400,2.71708500,2.71708700,2.71708600,2.71708700
5.375940,2.55737300,2.55739900,2.55741100,2.55741600,2.55741800,2.55742000,2.55742100,2.55742000,2.55742100
5.413534,2.13986600,2.13989400,2.13990500,2.13991000,2.13991200,2.13991300,2.13991500,2.13991500,2.13991500
5.451128,1.65201600,1.65204300,1.65205400,1.65205800,1.65206100,1.65206300,1.65206400,1.65206400,1.65206400
5.488721,1.29536300,1.29539000,1.29540100,1.29540500,1.29540700,1.29540900,1.29541000,1.29541000,1.29541100
5.526316,1.09304700,1.09307300,1.09308500,1.09308900,1.09309100,1.09309300,1.09309400,1.09309500,1.09309500
5.563910,1.01831100,1.01833800,1.01834900,1.01835300,1.01835500,1.01835800,1.01835800,1.01835900,1.01835900
5.601503,1.05477600,1.05480300,1.05481400,1.05481900,1.05482100,1.05482300,1.05482400,1.05482400,1.05482500
5.639097,1.18655700,1.18658400,1.18659500,1.18659900,1.18660200,1.18660400,1.18660500,1.18660500,1.18660500
5.676692,1.33461800,1.33464600,1.33465700,1.33466100,1.33466300,1.33466600,1.33466600,1.33466700,1.33466700
5.714285,1.34854900,1.34857600,1.34858700,1.34859200,1.34859400,1.34859600,1.34859700,1.34859700,1.34859800
5.751880,1.24066400,1.24069100,1.24070200,1.24070700,1.24070900,1.24071100,1.24071200,1.24071200,1.24071300
5.789474,1.17362700,1.17365400,1.17366500,1.17367000,1.17367200,1.17367400,1.17367500,1.17367500,1.17367600
5.827067,1.23730400,1.23733100,1.23734300,1.23734800,1.23735000,1.23735200,1.23735300,1.23735300,1.23735400
5.864661,1.46915100,1.46917800,1.46919000,1.46919400,1.46919600,1.46919900,1.46919900,1.46920000,1.46920100
5.902255,1.89478400,1.89481100,1.89482400,1.89482700,1.89482900,1.89483100,1.89483300,1.89483200,1.89483300
5.939849,2.43018300,2.43021200,2.43022300,2.43022700,2.43023100,2.43023200,2.43023300,2.43023300,2.43023400
5.977444,2.68660300,2.68663000,2.68664200,2.68664700,2.68664900,2.68665100,2.68665200,2.68665200,2.68665300
6.015037,2.34810500,2.34813200,2.34814300,2.34814900,2.34815100,2.34815300,2.34815400,2.34815400,2.34815500
6.052631,1.75607800,1.75610600,1.75611700,1.75612300,1.75612400,1.75612600,1.75612800,1.75612800,1.75612900
6.090225,1.27141900,1.27144700,1.27145800,1.27146300,1.27146500,1.27146700,1.27146800,1.27146900,1.27146900
6.127820,0.95015800,0.95018600,0.95019700,0.95020200,0.95020400,0.95020600,0.95020700,0.95020700,0.95020800
6.165413,0.74547200,0.74550000,0.74551200,0.74551600,0.74551800,0.74552000,0.74552100,0.74552200,0.74552200
6.203007,0.61557900,0.61560700,0.61561800,0.61562300,0.61562500,0.61562700,0.61562800,0.61562900,0.61562900
6.240601,0.53683600,0.53686400,0.53687600,0.53688000,0.53688200,0.53688400,0.53688500,0.53688600,0.53688600
6.278195,0.49611800,0.49614600,0.49615700,0.49616200,0.49616400,0.49616600,0.49616700,0.49616800,0.49616800
6.315789,0.48751600,0.48754500,0.48755600,0.48756100,0.48756300,0.48756500,0.48756600,0.48756600,0.48756700
6.353383,0.51158500,0.51161400,0.51162500,0.51163000,0.51163200,0.51163400,0.51163500,0.51163500,0.51163600
6.390977,0.57594300,0.57597100,0.57598300,0.57598700,0.57598900,0.57599100,0.57599200,0.57599300,0.57599300
6.428571,0.69722100,0.69725000,0.69726100,0.69726600,0.69726800,0.69727000,0.69727100,0.69727200,0.69727200
6.466165,0.90087900,0.90090700,0.90091800,0.90092300,0.90092500,0.90092700,0.90092800,0.90092900,0.90092900
6.503759,1.19872700,1.19875500,1.19876700,1.19877200,1.19877300,1.19877600,1.19877700,1.19877800,1.19877800
6.541353,1.49585100,1.49588000,1.49589100,1.49589600,1.49589800,1.49590000,1.49590200,1.49590200,1.49590200
6.578947,1.54217100,1.54219900,1.54221100,1.54221500,1.54221700,1.54222000,1.54222100,1.54222100,1.54222100
6.616541,1.29564100,1.29567000,1.29568200,1.29568700,1.29568900,1.29569100,1.29569200,1.29569200,1.29569300
6.654135,1.00015600,1.00018500,1.00019600,1.00020100,1.00020300,1.00020500,1.00020600,1.00020600,1.00020700
6.691729,0.79106400,0.79109300,0.79110400,0.79110900,0.79111100,0.79111300,0.79111400,0.79111500,0.79111500
6.729323,0.68106600,0.68109500,0.68110600,0.68111100,0.68111300,0.68111500,0.68111600,0.68111700,0.68111700
6.766917,0.65661200,0.65664100,0.65665300,0.65665800,0.65666000,0.65666200,0.65666300,0.65666300,0.65666400
6.804511,0.70755600,0.70758500,0.70759700,0.70760200,0.70760400,0.70760600,0.70760700,0.70760700,0.70760800
6.842104,0.80895100,0.80898000,0.80899200,0.80899700,0.80899900,0.80900100,0.80900200,0.80900300,0.80900300
6.879699,0.88417800,0.88420800,0.88421900,0.88422400,0.88422600,0.88422800,0.88422900,0.88423000,0.88423000
6.917293,0.88545200,0.88548200,0.88549300,0.88549800,0.88550000,0.88550200,0.88550300,0.88550400,0.88550400
6.954887,0.88758700,0.88761700,0.88762800,0.88763300,0.88763500,0.88763700,0.88763800,0.88763900,0.88763900
6.992481,0.92814500,0.92817500,0.92818600,0.92819100,0.92819300,0.92819600,0.92819700,0.92819700,0.92819700
7.030074,0.90863900,0.90866800,0.90868000,0.90868500,0.90868700,0.90868900,0.90869000,0.90869100,0.90869100
7.067669,0.75644000,0.75647000,0.75648100,0.75648600,0.75648800,0.75649000,0.75649100,0.75649200,0.75649200
7.105263,0.56680300,0.56683300,0.56684500,0.56685000,0.56685200,0.56685400,0.56685500,0.56685500,0.56685600
7.142857,0.41941500,0.41944500,0.41945700,0.41946200,0.41946400,0.41946600,0.41946700,0.41946700,0.41946800
7.180451,0.31996500,0.31999500,0.32000700,0.32001200,0.32001400,0.32001600,0.32001700,0.32001800,0.32001800
7.218045,0.25395200,0.25398200,0.25399400,0.25399800,0.25400000,0.25400200,0.25400300,0.25400400,0.25400400
7.255639,0.20916600,0.20919600,0.20920800,0.20921300,0.20921500,0.20921700,0.20921800,0.20921900,0.20921900
7.293232,0.17793700,0.17796700,0.17797900,0.17798400,0.17798600,0.17798800,0.17798900,0.17799000,0.17799000
7.330826,0.15562700,0.15565700,0.15566900,0.15567400,0.15567600,0.15567800,0.15567900,0.15567900,0.15568000
7.368421,0.13928400,0.13931400,0.13932600,0.13933100,0.13933300,0.13933500,0.13933600,0.13933700,0.13933700
7.406014,0.12720500,0.12723600,0.12724800,0.12725300,0.12725500,0.12725700,0.12725800,0.12725800,0.12725900
7.443608,0.11880200,0.11883200,0.11884400,0.11884900,0.11885100,0.11885300,0.11885400,0.11885500,0.11885500
7.481203,0.11398400,0.11401500,0.11402700,0.11403100,0.11403300,0.11403600,0.11403700,0.11403700,0.11403800
7.518797,0.11282000,0.11285000,0.11286200,0.11286700,0.11286900,0.11287100,0.11287300,0.11287300,0.11287300
7.556391,0.11467000,0.11470100,0.11471300,0.11471800,0.11472000,0.11472200,0.11472300,0.11472400,0.11472400
7.593984,0.11594700,0.11597700,0.11598900,0.11599400,0.11599600,0.11599800,0.11600000,0.11600000,0.11600100
7.631578,0.11218000,0.11221100,0.11222300,0.11222700,0.11223000,0.11223200,0.11223300,0.11223300,0.11223400
7.669173,0.10586000,0.10589200,0.10590400,0.10590800,0.10591100,0.10591300,0.10591400,0.10591400,0.10591500
7.706767,0.10179200,0.10182300,0.10183500,0.10184000,0.10184200,0.10184400,0.10184600,0.10184600,0.10184600
7.744360,0.10158100,0.10161200,0.10162400,0.10162900,0.10163100,0.10163300,0.10163400,0.10163500,0.10163500
7.781955,0.10549200,0.10552300,0.10553500,0.10554000,0.10554200,0.10554400,0.10554500,0.10554600,0.10554600
7.819549,0.11383000,0.11386200,0.11387400,0.11387900,0.11388100,0.11388300,0.11388400,0.11388400,0.11388500
7.857142,0.12693400,0.12696600,0.12697800,0.12698300,0.12698500,0.12698700,0.12698800,0.12698800,0.12698900
7.894736,0.14476900,0.14480100,0.14481300,0.14481800,0.14482000,0.14482200,0.14482300,0.14482400,0.14482400
7.932330,0.16474800,0.16478000,0.16479200,0.16479700,0.16479900,0.16480100,0.16480200,0.16480300,0.16480300
7.969924,0.18480600,0.18483800,0.18485000,0.18485500,0.18485700,0.18485900,0.18486000,0.18486100,0.18486100
8.007519,0.21357000,0.21360200,0.21361500,0.21362000,0.21362200,0.21362400,0.21362500,0.21362500,0.21362600
8.045113,0.26459900,0.26463100,0.26464300,0.26464800,0.26465100,0.26465300,0.26465400,0.26465400,0.26465500
8.082706,0.35079000,0.35082200,0.35083400,0.35083900,0.35084100,0.35084300,0.35084400,0.35084500,0.35084500
8.120299,0.47909100,0.47912300,0.47913600,0.47914100,0.47914300,0.47914500,0.47914600,0.47914700,0.47914700
8.157894,0.61475800,0.61479100,0.61480300,0.61480800,0.61481000,0.61481200,0.61481300,0.61481400,0.61481400
8.195488,0.64802100,0.64805300,0.64806600,0.64807100,0.64807300,0.64807500,0.64807600,0.64807700,0.64807700
8.233082,0.53947100,0.53950300,0.53951500,0.53952000,0.53952300,0.53952500,0.53952600,0.53952600,0.53952700
8.270677,0.39607400,0.39610700,0.39611900,0.39612400,0.39612600,0.39612800,0.39613000,0.39613000,0.39613000
8.308270,0.28641200,0.28644500,0.28645700,0.28646200,0.28646400,0.28646600,0.28646700,0.28646800,0.28646800
8.345864,0.21344400,0.21347700,0.21348900,0.21349400,0.21349600,0.21349800,0.21350000,0.21350000,0.21350000
8.383458,0.16597400,0.16600700,0.16602000,0.16602500,0.16602700,0.16602900,0.16603000,0.16603100,0.16603100
8.421052,0.13494100,0.13497400,0.13498600,0.13499100,0.13499400,0.13499600,0.13499700,0.13499700,0.13499800
8.458646,0.11443200,0.11446500,0.11447800,0.11448300,0.11448500,0.11448700,0.11448800,0.11448900,0.11448900
8.496240,0.10089600,0.10092900,0.10094200,0.10094700,0.10094900,0.10095100,0.10095200,0.10095200,0.10095300
8.533834,0.09230100,0.09233500,0.09234700,0.09235200,0.09235400,0.09235600,0.09235800,0.09235800,0.09235800
8.571428,0.08754000,0.08757400,0.08758700,0.08759200,0.08759400,0.08759600,0.08759700,0.08759800,0.08759800
8.609021,0.08591700,0.08595100,0.08596400,0.08596900,0.08597100,0.08597300,0.08597400,0.08597500,0.08597500
8.646616,0.08654400,0.08657700,0.08659000,0.08659500,0.08659700,0.08659900,0.08660000,0.08660100,0.08660100
8.684210,0.08873400,0.08876800,0.08878100,0.08878600,0.08878800,0.08879000,0.08879100,0.08879200,0.08879200
8.721804,0.09359800,0.09363200,0.09364400,0.09364900,0.09365200,0.09365400,0.09365500,0.09365500,0.09365600
8.759398,0.10320100,0.10323500,0.10324800,0.10325300,0.10325500,0.10325700,0.10325800,0.10325900,0.10325900
8.796992,0.11965300,0.11968700,0.11970000,0.11970500,0.11970700,0.11970900,0.11971100,0.11971100,0.11971100
8.834586,0.14610100,0.14613600,0.14614900,0.14615400,0.14615600,0.14615800,0.14615900,0.14616000,0.14616000
8.872180,0.18836400,0.18839900,0.18841100,0.18841700,0.18841900,0.18842100,0.18842200,0.18842300,0.18842300
8.909773,0.25288200,0.25291600,0.25292900,0.25293400,0.25293600,0.25293800,0.25293900,0.25294000,0.25294000
8.947368,0.33187500,0.33191000,0.33192300,0.33192800,0.33193000,0.33193200,0.33193300,0.33193400,0.33193400
8.984962,0.37614000,0.37617500,0.37618800,0.37619300,0.37619500,0.37619700,0.37619900,0.37619900,0.37620000
9.022555,0.33976700,0.33980200,0.33981500,0.33982000,0.33982200,0.33982400,0.33982600,0.33982600,0.33982700
9.060150,0.26588700,0.26592200,0.26593500,0.26594000,0.26594300,0.26594500,0.26594600,0.26594600,0.26594700
9.097744,0.20621900,0.20625500,0.20626800,0.20627300,0.20627500,0.20627700,0.20627800,0.20627900,0.20627900
9.135338,0.16873700,0.16877200,0.16878500,0.16879000,0.16879200,0.16879500,0.16879600,0.16879600,0.16879700
9.172933,0.14542800,0.14546300,0.14547600,0.14548100,0.14548400,0.14548600,0.14548700,0.14548700,0.14548800
9.210526,0.13235500,0.13239100,0.13240400,0.13240900,0.13241100,0.13241300,0.13241400,0.13241500,0.13241500
9.248120,0.12621800,0.12625400,0.12626700,0.12627200,0.12627400,0.12627600,0.12627700,0.12627800,0.12627800
9.285713,0.11777900,0.11781400,0.11782800,0.11783300,0.11783500,0.11783700,0.11783800,0.11783900,0.11783900
9.323307,0.10366500,0.10370100,0.10371400,0.10371900,0.10372100,0.10372300,0.10372500,0.10372500,0.10372600
9.360902,0.09092400,0.09096000,0.09097300,0.09097800,0.09098000,0.09098300,0.09098400,0.09098400,0.09098500
9.398496,0.08349300,0.08352900,0.08354200,0.08354800,0.08355000,0.08355200,0.08355300,0.08355400,0.08355400
9.436090,0.08035500,0.08039200,0.08040500,0.08041000,0.08041200,0.08041400,0.08041600,0.08041600,0.08041700
9.473684,0.07978700,0.07982300,0.07983700,0.07984200,0.07984400,0.07984600,0.07984700,0.07984800,0.07984800
9.511277,0.08264900,0.08268500,0.08269800,0.08270400,0.08270600,0.08270800,0.08270900,0.08271000,0.08271000
9.548872,0.09127000,0.09130600,0.09132000,0.09132500,0.09132700,0.09132900,0.09133100,0.09133100,0.09133100
9.586466,0.10845500,0.10849200,0.10850600,0.10851100,0.10851300,0.10851500,0.10851600,0.10851700,0.10851700
9.624060,0.13736300,0.13740000,0.13741300,0.13741800,0.13742100,0.13742300,0.13742400,0.13742500,0.13742500
9.661654,0.17662900,0.17666600,0.17667900,0.17668500,0.17668700,0.17668900,0.17669000,0.17669100,0.17669100
9.699247,0.20698300,0.20702000,0.20703400,0.20703900,0.20704100,0.20704300,0.20704500,0.20704500,0.20704500
9.736841,0.19958200,0.19962000,0.19963300,0.19963800,0.19964100,0.19964300,0.19964400,0.19964500,0.19964500
9.774436,0.16162300,0.16166000,0.16167400,0.16167900,0.16168100,0.16168400,0.16168500,0.16168500,0.16168600
9.812029,0.12201600,0.12205400,0.12206700,0.12207300,0.12207500,0.12207700,0.12207800,0.12207900,0.12207900
9.849624,0.09335500,0.09339300,0.09340700,0.09341200,0.09341400,0.09341600,0.09341800,0.09341800,0.09341900
9.887218,0.07485400,0.07489200,0.07490500,0.07491100,0.07491300,0.07491500,0.07491600,0.07491700,0.07491700
9.924811,0.06326500,0.06330300,0.06331700,0.06332200,0.06332400,0.06332600,0.06332800,0.06332800,0.06332800
9.962406,0.05624700,0.05628600,0.05629900,0.05630500,0.05630700,0.05630900,0.05631000,0.05631100,0.05631100
9.999999,0.05251100,0.05254900,0.05256300,0.05256800,0.05257100,0.05257300,0.05257400,0.05257500,0.05257500
10.037590,0.05134600,0.05138500,0.05139800,0.05140400,0.05140600,0.05140800,0.05140900,0.05141000,0.05141000
10.075190,0.05169000,0.05172800,0.05174200,0.05174700,0.05175000,0.05175200,0.05175300,0.05175400,0.05175400
10.112780,0.05111600,0.05115500,0.05116900,0.05117400,0.05117700,0.05117900,0.05118000,0.05118000,0.05118100
10.150380,0.04829800,0.04833700,0.04835100,0.04835600,0.04835900,0.04836100,0.04836200,0.04836300,0.04836300
10.187970,0.04520300,0.04524200,0.04525600,0.04526100,0.04526400,0.04526600,0.04526700,0.04526800,0.04526800
10.225560,0.04344600,0.04348500,0.04349900,0.04350400,0.04350700,0.04350900,0.04351000,0.04351100,0.04351100
10.263160,0.04330000,0.04334000,0.04335400,0.04335900,0.04336200,0.04336400,0.04336500,0.04336600,0.04336600
10.300750,0.04483200,0.04487200,0.04488600,0.04489100,0.04489400,0.04489600,0.04489700,0.04489700,0.04489800
10.338350,0.04832800,0.04836800,0.04838200,0.04838700,0.04838900,0.04839200,0.04839300,0.04839300,0.04839400
10.375940,0.05410200,0.05414200,0.05415600,0.05416100,0.05416300,0.05416600,0.05416700,0.05416700,0.05416800
10.413530,0.06134700,0.06138800,0.06140200,0.06140700,0.06140900,0.06141200,0.06141300,0.06141300,0.06141400
10.451130,0.06688100,0.06692200,0.06693600,0.06694100,0.06694300,0.06694600,0.06694700,0.06694700,0.06694800
10.488720,0.06926700,0.06930700,0.06932200,0.06932700,0.06932900,0.06933200,0.06933300,0.06933300,0.06933400
10.526310,0.07181500,0.07185600,0.07187000,0.07187600,0.07187800,0.07188000,0.07188100,0.07188200,0.07188200
10.563910,0.07843300,0.07847400,0.07848800,0.07849400,0.07849600,0.07849800,0.07849900,0.07850000,0.07850000
10.601500,0.09239400,0.09243500,0.09244900,0.09245500,0.09245700,0.09245900,0.09246100,0.09246100,0.09246200
10.639100,0.11586400,0.11590500,0.11591900,0.11592500,0.11592700,0.11592900,0.11593100,0.11593100,0.11593200
10.676690,0.14534600,0.14538700,0.14540100,0.14540700,0.14540900,0.14541100,0.14541200,0.14541300,0.14541300
10.714280,0.16260300,0.16264500,0.16265900,0.16266500,0.16266700,0.16266900,0.16267000,0.16267100,0.16267100
10.751880,0.15171600,0.15175800,0.15177300,0.15177800,0.15178100,0.15178300,0.15178400,0.15178500,0.15178500
10.789470,0.12754900,0.12759100,0.12760600,0.12761100,0.12761400,0.12761600,0.12761700,0.12761800,0.12761800
10.827070,0.10643500,0.10647800,0.10649200,0.10649700,0.10650000,0.10650200,0.10650300,0.10650400,0.10650400
10.864660,0.09298400,0.09302700,0.09304100,0.09304700,0.09304900,0.09305100,0.09305200,0.09305300,0.09305300
10.902250,0.08816900,0.08821100,0.08822600,0.08823200,0.08823400,0.08823600,0.08823700,0.08823800,0.08823800
10.939850,0.09090100,0.09094400,0.09095800,0.09096400,0.09096600,0.09096800,0.09097000,0.09097000,0.09097100
10.977440,0.09649400,0.09653700,0.09655100,0.09655700,0.09655900,0.09656200,0.09656300,0.09656300,0.09656400
11.015040,0.09649400,0.09653800,0.09655200,0.09655800,0.09656000,0.09656200,0.09656400,0.09656400,0.09656500
11.052630,0.09051300,0.09055700,0.09057100,0.09057700,0.09057900,0.09058200,0.09058300,0.09058300,0.09058400
11.090220,0.08667900,0.08672300,0.08673800,0.08674300,0.08674600,0.08674800,0.08674900,0.08675000,0.08675000
11.127820,0.08963700,0.08968100,0.08969600,0.08970100,0.08970400,0.08970600,0.08970700,0.08970800,0.08970800
11.165410,0.10096700,0.10101100,0.10102600,0.10103200,0.10103400,0.10103600,0.10103800,0.10103800,0.10103900
11.203010,0.12153400,0.12157900,0.12159300,0.12159900,0.12160200,0.12160400,0.12160500,0.12160600,0.12160600
11.240600,0.14810200,0.14814600,0.14816100,0.14816700,0.14816900,0.14817100,0.14817300,0.14817300,0.14817400
11.278190,0.16555000,0.16559400,0.16560900,0.16561500,0.16561700,0.16561900,0.16562100,0.16562100,0.16562200
11.315790,0.15716400,0.15720900,0.15722400,0.15722900,0.15723200,0.15723400,0.15723500,0.15723600,0.15723600
11.353380,0.13296600,0.13301100,0.13302600,0.13303100,0.13303400,0.13303600,0.13303700,0.13303800,0.13303800
11.390980,0.11060800,0.11065300,0.11066800,0.11067400,0.11067600,0.11067900,0.11068000,0.11068000,0.11068100
11.428570,0.09463600,0.09468100,0.09469600,0.09470200,0.09470400,0.09470700,0.09470800,0.09470800,0.09470900
11.466160,0.08541200,0.08545800,0.08547300,0.08547900,0.08548100,0.08548400,0.08548500,0.08548500,0.08548600
11.503760,0.08244900,0.08249500,0.08251000,0.08251600,0.08251900,0.08252100,0.08252200,0.08252300,0.08252300
11.541350,0.08454000,0.08458600,0.08460100,0.08460700,0.08460900,0.08461100,0.08461300,0.08461300,0.08461400
11.578950,0.08971200,0.08975900,0.08977400,0.08978000,0.08978200,0.08978400,0.08978500,0.08978600,0.08978600
11.616540,0.09659300,0.09664000,0.09665500,0.09666100,0.09666400,0.09666600,0.09666700,0.09666800,0.09666800
11.654130,0.10814500,0.10819200,0.10820700,0.10821300,0.10821500,0.10821700,0.10821900,0.10821900,0.10822000
11.691730,0.12882900,0.12887600,0.12889200,0.12889700,0.12890000,0.12890200,0.12890300,0.12890400,0.12890400
11.729320,0.15779800,0.15784600,0.15786100,0.15786700,0.15786900,0.15787200,0.15787300,0.15787400,0.15787400
11.766920,0.17914100,0.17918900,0.17920400,0.17921000,0.17921300,0.17921500,0.17921600,0.17921700,0.17921700
11.804510,0.17122300,0.17127100,0.17128600,0.17129200,0.17129400,0.17129700,0.17129800,0.17129800,0.17129900
11.842100,0.14419400,0.14424200,0.14425700,0.14426300,0.14426600,0.14426800,0.14426900,0.14427000,0.14427000
11.879700,0.12039600,0.12044400,0.12046000,0.12046600,0.12046800,0.12047000,0.12047200,0.12047200,0.12047300
11.917290,0.10649100,0.10654000,0.10655600,0.10656100,0.10656400,0.10656600,0.10656700,0.10656800,0.10656800
11.954890,0.10139300,0.10144200,0.10145700,0.10146300,0.10146600,0.10146800,0.10146900,0.10147000,0.10147000
11.992480,0.10357900,0.10362800,0.10364400,0.10365000,0.10365200,0.10365400,0.10365600,0.10365600,0.10365700
12.030070,0.11182100,0.11187100,0.11188700,0.11189300,0.11189500,0.11189700,0.11189900,0.11189900,0.11190000
12.067670,0.12350200,0.12355200,0.12356800,0.12357400,0.12357600,0.12357900,0.12358000,0.12358000,0.12358100
12.105260,0.13614300,0.13619300,0.13620900,0.13621500,0.13621700,0.13622000,0.13622100,0.13622200,0.13622200
12.142860,0.15161600,0.15166600,0.15168200,0.15168800,0.15169000,0.15169300,0.15169400,0.15169400,0.15169500
12.180450,0.17334900,0.17339900,0.17341500,0.17342100,0.17342400,0.17342600,0.17342700,0.17342800,0.17342800
12.218040,0.19984900,0.19990000,0.19991500,0.19992100,0.19992400,0.19992600,0.19992700,0.19992800,0.19992800
12.255640,0.21852200,0.21857300,0.21858900,0.21859500,0.21859700,0.21860000,0.21860100,0.21860100,0.21860200
12.293230,0.22652000,0.22657200,0.22658800,0.22659400,0.22659600,0.22659900,0.22660000,0.22660000,0.22660100
12.330830,0.23435500,0.23440700,0.23442300,0.23442900,0.23443100,0.23443400,0.23443500,0.23443500,0.23443600
12.368420,0.23585100,0.23590300,0.23591900,0.23592500,0.23592800,0.23593000,0.23593100,0.23593200,0.23593200
12.406010,0.22762200,0.22767400,0.22769000,0.22769700,0.22769900,0.22770100,0.22770300,0.22770300,0.22770400
12.443610,0.22439500,0.22444800,0.22446400,0.22447000,0.22447300,0.22447500,0.22447600,0.22447700,0.22447700
12.481200,0.23444000,0.23449200,0.23450900,0.23451500,0.23451700,0.23452000,0.23452100,0.23452200,0.23452200
12.518800,0.24842800,0.24848200,0.24849800,0.24850400,0.24850700,0.24850900,0.24851000,0.24851100,0.24851100
12.556390,0.24592700,0.24598100,0.24599700,0.24600300,0.24600600,0.24600800,0.24600900,0.24601000,0.24601000
12.593980,0.22819800,0.22825200,0.22826800,0.22827400,0.22827700,0.22828000,0.22828100,0.22828100,0.22828200
12.631580,0.21378800,0.21384200,0.21385800,0.21386400,0.21386700,0.21386900,0.21387000,0.21387100,0.21387200
12.669170,0.21206800,0.21212300,0.21213900,0.21214600,0.21214800,0.21215000,0.21215200,0.21215200,0.21215300
12.706770,0.22451800,0.22457300,0.22459000,0.22459600,0.22459800,0.22460100,0.22460200,0.22460300,0.22460300
12.744360,0.25032000,0.25037500,0.25039200,0.25039800,0.25040100,0.25040300,0.25040400,0.25040500,0.25040500
12.781950,0.29071000,0.29076600,0.29078200,0.29078900,0.29079100,0.29079400,0.29079500,0.29079500,0.29079600
12.819550,0.35410900,0.35416500,0.35418100,0.35418800,0.35419000,0.35419300,0.35419400,0.35419500,0.35419500
12.857140,0.45166700,0.45172300,0.45173900,0.45174600,0.45174800,0.45175100,0.45175200,0.45175300,0.45175300
12.894740,0.58056000,0.58061600,0.58063300,0.58064000,0.58064200,0.58064400,0.58064600,0.58064600,0.58064700
12.932330,0.69843000,0.69848700,0.69850400,0.69851000,0.69851300,0.69851500,0.69851600,0.69851700,0.69851700
12.969920,0.76144600,0.76150300,0.76152000,0.76152700,0.76152900,0.76153100,0.76153200,0.76153300,0.76153300
13.007520,0.77662600,0.77668400,0.77670100,0.77670800,0.77671000,0.77671200,0.77671400,0.77671400,0.77671500
13.045110,0.76696600,0.76702400,0.76704100,0.76704700,0.76705000,0.76705300,0.76705400,0.76705400,0.76705500
13.082710,0.78899900,0.78905700,0.78907400,0.78908100,0.78908300,0.78908500,0.78908700,0.78908700,0.78908700
13.120300,0.85478300,0.85484100,0.85485900,0.85486500,0.85486800,0.85487000,0.85487200,0.85487200,0.85487200
13.157890,0.87519400,0.87525200,0.87526900,0.87527600,0.87527900,0.87528100,0.87528200,0.87528300,0.87528300
13.195490,0.79367100,0.79373000,0.79374800,0.79375400,0.79375700,0.79375900,0.79376000,0.79376100,0.79376100
13.233080,0.69462600,0.69468600,0.69470300,0.69470900,0.69471200,0.69471400,0.69471600,0.69471600,0.69471700
13.270670,0.65171200,0.65177200,0.65179000,0.65179600,0.65179900,0.65180100,0.65180200,0.65180300,0.65180300
13.308270,0.68139800,0.68145800,0.68147600,0.68148200,0.68148500,0.68148700,0.68148800,0.68148900,0.68148900
13.345860,0.78212200,0.78218300,0.78220100,0.78220700,0.78221000,0.78221200,0.78221300,0.78221400,0.78221500
13.383460,0.93352200,0.93358300,0.93360100,0.93360700,0.93360900,0.93361200,0.93361300,0.93361400,0.93361400
13.421050,1.09223700,1.09229900,1.09231700,1.09232400,1.09232600,1.09232800,1.09233000,1.09233000,1.09233100
13.458640,1.22257000,1.22263200,1.22265000,1.22265600,1.22265900,1.22266200,1.22266300,1.22266300,1.22266400
13.496240,1.29469000,1.29475200,1.29477000,1.29477700,1.29477900,1.29478200,1.29478300,1.29478300,1.29478300
13.533830,1.30815500,1.30821800,1.30823500,1.30824300,1.30824500,1.30824700,1.30824900,1.30824900,1.30824900
13.571430,1.33633300,1.33639600,1.33641400,1.33642000,1.33642400,1.33642600,1.33642700,1.33642700,1.33642800
13.609020,1.40991600,1.40998100,1.40999900,1.41000500,1.41000800,1.41001000,1.41001200,1.41001200,1.41001200
13.646620,1.47413800,1.47420300,1.47422100,1.47422700,1.47423000,1.47423200,1.47423300,1.47423400,1.47423500
13.684210,1.56418500,1.56425000,1.56426800,1.56427400,1.56427700,1.56428000,1.56428000,1.56428100,1.56428100
13.721800,1.70711100,1.70717600,1.70719400,1.70720000,1.70720300,1.70720500,1.70720700,1.70720700,1.70720700
13.759400,1.79202000,1.79208600,1.79210400,1.79211100,1.79211300,1.79211600,1.79211700,1.79211700,1.79211700
13.796990,1.75148000,1.75154600,1.75156500,1.75157200,1.75157400,1.75157600,1.75157700,1.75157700,1.75157800
13.834590,1.64952500,1.64959200,1.64961000,1.64961700,1.64961900,1.64962200,1.64962300,1.64962400,1.64962400
13.872180,1.52857600,1.52864300,1.52866200,1.52866900,1.52867200,1.52867400,1.52867500,1.52867600,1.52867600
13.909770,1.42127100,1.42133900,1.42135700,1.42136400,1.42136600,1.42136900,1.42137000,1.42137100,1.42137200
13.947370,1.37014000,1.37020800,1.37022700,1.37023300,1.37023600,1.37023900,1.37024000,1.37024000,1.37024100
13.984960,1.30815400,1.30822200,1.30824100,1.30824800,1.30825100,1.30825300,1.30825400,1.30825500,1.30825500
14.022560,1.15917700,1.15924600,1.15926400,1.15927100,1.15927400,1.15927600,1.15927800,1.15927800,1.15927900
14.060150,0.99221600,0.99228600,0.99230500,0.99231100,0.99231400,0.99231700,0.99231800,0.99231900,0.99231900
14.097740,0.89051900,0.89058900,0.89060800,0.89061400,0.89061700,0.89062000,0.89062100,0.89062200,0.89062200
14.135340,0.85080500,0.85087500,0.85089400,0.85090100,0.85090400,0.85090700,0.85090800,0.85090800,0.85090900
14.172930,0.80422600,0.80429800,0.80431600,0.80432300,0.80432600,0.80432900,0.80433000,0.80433100,0.80433100
14.210530,0.71807100,0.71814300,0.71816200,0.71816900,0.71817200,0.71817400,0.71817600,0.71817600,0.71817700
14.248120,0.64328700,0.64335900,0.64337900,0.64338500,0.64338800,0.64339100,0.64339200,0.64339300,0.64339300
14.285710,0.61702600,0.61709900,0.61711800,0.61712500,0.61712800,0.61713000,0.61713200,0.61713200,0.61713300
14.323310,0.64083500,0.64090900,0.64092800,0.64093500,0.64093800,0.64094100,0.64094200,0.64094300,0.64094300
14.360900,0.69611600,0.69619100,0.69621000,0.69621700,0.69622000,0.69622200,0.69622400,0.69622400,0.69622500
14.398490,0.75560700,0.75568300,0.75570200,0.75570900,0.75571100,0.75571400,0.75571500,0.75571600,0.75571700
14.436090,0.78646600,0.78654200,0.78656200,0.78656800,0.78657100,0.78657400,0.78657500,0.78657600,0.78657600
14.473680,0.78428800,0.78436400,0.78438300,0.78439000,0.78439300,0.78439600,0.78439700,0.78439700,0.78439800
14.511280,0.81102600,0.81110300,0.81112200,0.81112900,0.81113200,0.81113500,0.81113600,0.81113700,0.81113700
14.548870,0.91938700,0.91946500,0.91948500,0.91949200,0.91949500,0.91949800,0.91949800,0.91949900,0.91950000
14.586460,1.12451200,1.12459000,1.12461000,1.12461700,1.12462000,1.12462200,1.12462400,1.12462400,1.12462400
14.624060,1.37956000,1.37963900,1.37965800,1.37966600,1.37966800,1.37967100,1.37967200,1.37967300,1.37967300
14.661650,1.57241700,1.57249600,1.57251600,1.57252400,1.57252600,1.57252900,1.57253000,1.57253000,1.57253100
14.699250,1.70241300,1.70249300,1.70251300,1.70252000,1.70252300,1.70252500,1.70252700,1.70252700,1.70252800
14.736840,1.85764900,1.85773000,1.85775100,1.85775800,1.85776100,1.85776300,1.85776400,1.85776500,1.85776500
14.774440,1.96094200,1.96102400,1.96104400,1.96105100,1.96105400,1.96105600,1.96105700,1.96105800,1.96105900
14.812030,1.85160100,1.85168300,1.85170300,1.85171100,1.85171400,1.85171600,1.85171700,1.85171800,1.85171900
14.849620,1.61292900,1.61301300,1.61303200,1.61304000,1.61304300,1.61304500,1.61304700,1.61304700,1.61304800
14.887220,1.42292900,1.42301300,1.42303300,1.42304100,1.42304300,1.42304600,1.42304700,1.42304800,1.42304900
14.924810,1.36625100,1.36633600,1.36635600,1.36636400,1.36636700,1.36636900,1.36637000,1.36637100,1.36637200
14.962400,1.41794500,1.41803000,1.41805100,1.41805800,1.41806100,1.41806300,1.41806500,1.41806500,1.41806500
15.000000,1.41948900,1.41957500,1.41959500,1.41960300,1.41960600,1.41960800,1.41960900,1.41961000,1.41961000
15.037590,1.23785900,1.23794600,1.23796600,1.23797400,1.23797600,1.23797900,1.23798000,1.23798100,1.23798100
15.075190,0.97599000,0.97607700,0.97609800,0.97610500,0.97610800,0.97611100,0.97611200,0.97611300,0.97611400
15.112780,0.76907800,0.76916600,0.76918700,0.76919500,0.76919800,0.76920000,0.76920100,0.76920200,0.76920200
15.150370,0.64511100,0.64520000,0.64522100,0.64522900,0.64523100,0.64523400,0.64523500,0.64523600,0.64523600
15.187970,0.59068800,0.59077800,0.59079900,0.59080700,0.59081000,0.59081200,0.59081300,0.59081400,0.59081500
15.225560,0.59368300,0.59377500,0.59379500,0.59380300,0.59380600,0.59380900,0.59381000,0.59381000,0.59381100
15.263160,0.65210300,0.65219600,0.65221700,0.65222400,0.65222700,0.65223000,0.65223100,0.65223200,0.65223200
15.300750,0.76278100,0.76287400,0.76289600,0.76290300,0.76290600,0.76290900,0.76291000,0.76291000,0.76291100
15.338350,0.86877900,0.86887400,0.86889500,0.86890200,0.86890500,0.86890800,0.86890900,0.86891000,0.86891000
15.375940,0.85830400,0.85839900,0.85842000,0.85842800,0.85843100,0.85843300,0.85843400,0.85843500,0.85843500
15.413530,0.74021000,0.74030600,0.74032800,0.74033500,0.74033800,0.74034100,0.74034200,0.74034300,0.74034300
15.451130,0.62502400,0.62512100,0.62514300,0.62515000,0.62515300,0.62515600,0.62515700,0.62515800,0.62515800
15.488720,0.55814500,0.55824300,0.55826500,0.55827200,0.55827500,0.55827800,0.55827900,0.55828000,0.55828000
15.526320,0.52233500,0.52243400,0.52245600,0.52246400,0.52246700,0.52246900,0.52247100,0.52247100,0.52247200
15.563910,0.48773700,0.48783800,0.48785900,0.48786700,0.48787000,0.48787300,0.48787400,0.48787500,0.48787500
15.601500,0.45136000,0.45146200,0.45148400,0.45149100,0.45149400,0.45149700,0.45149800,0.45149900,0.45149900
15.639100,0.42151800,0.42162100,0.42164300,0.42165100,0.42165400,0.42165600,0.42165800,0.42165800,0.42165900
15.676690,0.39150000,0.39160300,0.39162500,0.39163300,0.39163600,0.39163900,0.39164000,0.39164100,0.39164100
15.714280,0.36381800,0.36392300,0.36394500,0.36395300,0.36395600,0.36395800,0.36396000,0.36396000,0.36396100
15.751880,0.34370500,0.34381100,0.34383300,0.34384100,0.34384400,0.34384700,0.34384800,0.34384900,0.34384900
15.789470,0.33315600,0.33326400,0.33328600,0.33329400,0.33329700,0.33330000,0.33330100,0.33330200,0.33330200
15.827070,0.33866300,0.33877200,0.33879400,0.33880200,0.33880500,0.33880800,0.33880900,0.33881000,0.33881100
15.864660,0.36361400,0.36372400,0.36374700,0.36375400,0.36375700,0.36376000,0.36376100,0.36376200,0.36376200
15.902260,0.40928900,0.40940100,0.40942300,0.40943100,0.40943400,0.40943700,0.40943800,0.40943900,0.40943900
15.939850,0.47747200,0.47758500,0.47760800,0.47761600,0.47761900,0.47762100,0.47762300,0.47762400,0.47762400
15.977440,0.55862900,0.55874300,0.55876600,0.55877400,0.55877700,0.55877900,0.55878100,0.55878100,0.55878200
16.015040,0.62355400,0.62367000,0.62369200,0.62370000,0.62370400,0.62370600,0.62370800,0.62370800,0.62370900
16.052630,0.64502700,0.64514400,0.64516800,0.64517600,0.64517900,0.64518100,0.64518300,0.64518300,0.64518400
16.090230,0.63067700,0.63079500,0.63081800,0.63082600,0.63082900,0.63083200,0.63083300,0.63083400,0.63083500
16.127820,0.60772700,0.60784700,0.60787000,0.60787800,0.60788100,0.60788400,0.60788500,0.60788600,0.60788700
16.165410,0.58866300,0.58878500,0.58880900,0.58881700,0.58882000,0.58882300,0.58882400,0.58882400,0.58882500
16.203010,0.59721600,0.59733900,0.59736300,0.59737100,0.59737400,0.59737700,0.59737800,0.59737900,0.59737900
16.240600,0.62304900,0.62317400,0.62319800,0.62320600,0.62320900,0.62321200,0.62321300,0.62321400,0.62321400
16.278190,0.63278100,0.63290700,0.63293100,0.63293900,0.63294200,0.63294500,0.63294600,0.63294700,0.63294800
16.315790,0.64264400,0.64277200,0.64279600,0.64280400,0.64280700,0.64281000,0.64281100,0.64281200,0.64281200
16.353380,0.67321500,0.67334500,0.67336900,0.67337800,0.67338100,0.67338300,0.67338500,0.67338500,0.67338600
16.390980,0.70148000,0.70161200,0.70163600,0.70164500,0.70164800,0.70165100,0.70165200,0.70165300,0.70165300
16.428570,0.69264800,0.69278200,0.69280600,0.69281400,0.69281800,0.69282000,0.69282200,0.69282300,0.69282300
16.466160,0.66694700,0.66708300,0.66710700,0.66711600,0.66711900,0.66712200,0.66712300,0.66712300,0.66712400
16.503760,0.64117300,0.64131200,0.64133600,0.64134400,0.64134700,0.64135000,0.64135100,0.64135200,0.64135300
16.541350,0.60493100,0.60507200,0.60509700,0.60510500,0.60510800,0.60511100,0.60511200,0.60511300,0.60511300
16.578950,0.55401800,0.55416100,0.55418500,0.55419400,0.55419700,0.55420000,0.55420100,0.55420200,0.55420200
16.616540,0.48821500,0.48836100,0.48838500,0.48839400,0.48839700,0.48840000,0.48840100,0.48840200,0.48840200
16.654130,0.41318600,0.41333400,0.41335800,0.41336700,0.41337000,0.41337300,0.41337400,0.41337500,0.41337500
16.691730,0.34240500,0.34255600,0.34258000,0.34258900,0.34259200,0.34259500,0.34259600,0.34259700,0.34259700
16.729320,0.29120100,0.29135400,0.29137900,0.29138700,0.29139000,0.29139300,0.29139500,0.29139500,0.29139600
16.766920,0.26037300,0.26052900,0.26055400,0.26056300,0.26056600,0.26056900,0.26057000,0.26057100,0.26057100
16.804510,0.24408600,0.24424400,0.24427000,0.24427800,0.24428100,0.24428400,0.24428600,0.24428600,0.24428700
16.842100,0.23838200,0.23854300,0.23856900,0.23857700,0.23858100,0.23858300,0.23858500,0.23858500,0.23858600
16.879700,0.24329300,0.24345700,0.24348300,0.24349200,0.24349500,0.24349800,0.24349900,0.24350000,0.24350000
16.917290,0.25405200,0.25422000,0.25424600,0.25425400,0.25425700,0.25426000,0.25426200,0.25426200,0.25426300
16.954890,0.26273300,0.26290400,0.26293000,0.26293900,0.26294200,0.26294500,0.26294600,0.26294700,0.26294700
16.992480,0.27136400,0.27153900,0.27156500,0.27157400,0.27157700,0.27158000,0.27158100,0.27158200,0.27158200
17.030080,0.29166200,0.29184100,0.29186700,0.29187600,0.29187900,0.29188200,0.29188300,0.29188400,0.29188500
17.067670,0.33164400,0.33182600,0.33185200,0.33186100,0.33186400,0.33186700,0.33186800,0.33186900,0.33187000
17.105260,0.39147200,0.39165900,0.39168500,0.39169400,0.39169700,0.39170000,0.39170200,0.39170200,0.39170300
17.142850,0.46416900,0.46436000,0.46438600,0.46439500,0.46439800,0.46440100,0.46440300,0.46440300,0.46440400
17.180450,0.51171800,0.51191400,0.51194100,0.51195000,0.51195300,0.51195600,0.51195700,0.51195800,0.51195800
17.218040,0.49602500,0.49622500,0.49625200,0.49626100,0.49626400,0.49626700,0.49626900,0.49626900,0.49627000
17.255640,0.44524400,0.44545000,0.44547700,0.44548600,0.44548900,0.44549200,0.44549300,0.44549400,0.44549500
17.293230,0.40900500,0.40921600,0.40924300,0.40925200,0.40925500,0.40925800,0.40926000,0.40926000,0.40926100
17.330830,0.40837900,0.40859600,0.40862400,0.40863300,0.40863600,0.40863900,0.40864000,0.40864100,0.40864100
17.368420,0.44300300,0.44322700,0.44325500,0.44326400,0.44326700,0.44327000,0.44327100,0.44327200,0.44327200
17.406010,0.50498300,0.50521300,0.50524100,0.50525000,0.50525300,0.50525600,0.50525800,0.50525800,0.50525900
17.443610,0.58707300,0.58731100,0.58733900,0.58734800,0.58735100,0.58735400,0.58735600,0.58735700,0.58735700
17.481200,0.64093400,0.64118100,0.64120800,0.64121700,0.64122100,0.64122400,0.64122500,0.64122600,0.64122600
17.518800,0.60329900,0.60355500,0.60358300,0.60359200,0.60359500,0.60359800,0.60359900,0.60360000,0.60360100
17.556390,0.50717300,0.50743800,0.50746700,0.50747600,0.50747900,0.50748200,0.50748400,0.50748400,0.50748500
17.593980,0.42237900,0.42265500,0.42268300,0.42269300,0.42269600,0.42269900,0.42270000,0.42270100,0.42270200
17.631580,0.37897800,0.37926700,0.37929500,0.37930500,0.37930800,0.37931100,0.37931200,0.37931300,0.37931300
17.669170,0.37880200,0.37910500,0.37913300,0.37914200,0.37914600,0.37914900,0.37915000,0.37915100,0.37915100
17.706770,0.41763900,0.41795800,0.41798700,0.41799600,0.41800000,0.41800300,0.41800400,0.41800500,0.41800500
17.744360,0.48080400,0.48114100,0.48117000,0.48118000,0.48118300,0.48118600,0.48118700,0.48118800,0.48118900
17.781950,0.53360600,0.53396500,0.53399400,0.53400400,0.53400700,0.53401000,0.53401200,0.53401200,0.53401300
17.819550,0.57102600,0.57141100,0.57144000,0.57145000,0.57145300,0.57145600,0.57145700,0.57145800,0.57145900
17.857140,0.62271900,0.62313500,0.62316500,0.62317400,0.62317800,0.62318000,0.62318200,0.62318300,0.62318300
17.894740,0.68042100,0.68087600,0.68090600,0.68091600,0.68091900,0.68092200,0.68092400,0.68092400,0.68092500
17.932330,0.69669100,0.69719700,0.69722700,0.69723600,0.69724000,0.69724200,0.69724400,0.69724500,0.69724500
17.969920,0.65523000,0.65580000,0.65583000,0.65584000,0.65584300,0.65584600,0.65584800,0.65584800,0.65584900
18.007520,0.58037600,0.58103500,0.58106500,0.58107500,0.58107900,0.58108200,0.58108300,0.58108400,0.58108400
18.045110,0.50450500,0.50528900,0.50532000,0.50532900,0.50533300,0.50533600,0.50533700,0.50533800,0.50533900
18.082710,0.44095100,0.44191800,0.44194900,0.44195800,0.44196200,0.44196500,0.44196600,0.44196700,0.44196800
18.120300,0.38008300,0.38132700,0.38135800,0.38136700,0.38137100,0.38137400,0.38137500,0.38137600,0.38137700
18.157890,0.33142400,0.33308700,0.33311800,0.33312800,0.33313100,0.33313400,0.33313600,0.33313700,0.33313700
18.195490,0.30529600,0.30753700,0.30756800,0.30757800,0.30758100,0.30758400,0.30758600,0.30758700,0.30758700
18.233080,0.28634600,0.28911900,0.28915000,0.28916000,0.28916400,0.28916700,0.28916800,0.28916900,0.28916900
18.270680,0.25395100,0.25675300,0.25678400,0.25679400,0.25679700,0.25680000,0.25680200,0.25680300,0.25680300
18.308270,0.21729300,0.21960900,0.21964100,0.21965100,0.21965400,0.21965700,0.21965900,0.21965900,0.21966000
18.345860,0.19210500,0.19388400,0.19391500,0.19392500,0.19392900,0.19393200,0.19393400,0.19393400,0.19393500
18.383460,0.18192100,0.18332100,0.18335200,0.18336300,0.18336600,0.18336900,0.18337100,0.18337100,0.18337200
18.421050,0.18457000,0.18573700,0.18576900,0.18577900,0.18578200,0.18578500,0.18578700,0.18578800,0.18578800
18.458640,0.19469000,0.19572200,0.19575500,0.19576500,0.19576800,0.19577200,0.19577300,0.19577400,0.19577400
18.496240,0.20603100,0.20699400,0.20702700,0.20703700,0.20704100,0.20704400,0.20704500,0.20704600,0.20704600
18.533830,0.21281800,0.21375500,0.21378800,0.21379800,0.21380200,0.21380500,0.21380600,0.21380700,0.21380800
18.571430,0.21349100,0.21443500,0.21446800,0.21447800,0.21448200,0.21448500,0.21448600,0.21448700,0.21448700
18.609020,0.21084800,0.21182600,0.21185900,0.21187000,0.21187300,0.21187600,0.21187800,0.21187800,0.21187900
18.646610,0.20639500,0.20743500,0.20746800,0.20747900,0.20748200,0.20748500,0.20748700,0.20748700,0.20748800
18.684210,0.20094900,0.20208200,0.20211500,0.20212600,0.20212900,0.20213200,0.20213400,0.20213500,0.20213500
18.721800,0.19815500,0.19941700,0.19945000,0.19946100,0.19946500,0.19946800,0.19946900,0.19947000,0.19947000
18.759400,0.19776100,0.19920200,0.19923600,0.19924600,0.19925000,0.19925300,0.19925400,0.19925500,0.19925600
18.796990,0.19868300,0.20037200,0.20040600,0.20041700,0.20042100,0.20042400,0.20042500,0.20042600,0.20042700
18.834590,0.20916700,0.21120800,0.21124200,0.21125300,0.21125600,0.21126000,0.21126100,0.21126200,0.21126200
18.872180,0.23767400,0.24022500,0.24025900,0.24027000,0.24027400,0.24027700,0.24027800,0.24027900,0.24028000
18.909770,0.27724300,0.28055900,0.28059400,0.28060500,0.28060800,0.28061100,0.28061300,0.28061400,0.28061400
18.947370,0.29877500,0.30326800,0.30330300,0.30331400,0.30331700,0.30332000,0.30332200,0.30332300,0.30332300
18.984960,0.28261500,0.28891200,0.28894800,0.28895900,0.28896200,0.28896500,0.28896700,0.28896800,0.28896800
19.022560,0.25419000,0.26297900,0.26301400,0.26302500,0.26302900,0.26303200,0.26303400,0.26303400,0.26303500
19.060150,0.24345400,0.25452500,0.25456100,0.25457200,0.25457600,0.25457900,0.25458000,0.25458100,0.25458200
19.097740,0.25613200,0.26725800,0.26729400,0.26730500,0.26730900,0.26731200,0.26731300,0.26731400,0.26731500
19.135340,0.27583500,0.28476600,0.28480300,0.28481400,0.28481800,0.28482100,0.28482200,0.28482300,0.28482400
19.172930,0.26988000,0.27639300,0.27643000,0.27644100,0.27644500,0.27644800,0.27644900,0.27645000,0.27645000
19.210530,0.23282400,0.23760900,0.23764600,0.23765700,0.23766100,0.23766400,0.23766600,0.23766700,0.23766700
19.248120,0.19270000,0.19639600,0.19643300,0.19644400,0.19644800,0.19645100,0.19645200,0.19645300,0.19645400
19.285710,0.16735000,0.17038500,0.17042300,0.17043400,0.17043800,0.17044100,0.17044200,0.17044300,0.17044400
19.323310,0.15853800,0.16118800,0.16122600,0.16123700,0.16124100,0.16124400,0.16124500,0.16124600,0.16124700
19.360900,0.16436000,0.16681200,0.16685000,0.16686200,0.16686500,0.16686900,0.16687000,0.16687100,0.16687200
19.398490,0.18140400,0.18380500,0.18384300,0.18385400,0.18385800,0.18386100,0.18386300,0.18386400,0.18386400
19.436090,0.20056200,0.20304300,0.20308100,0.20309300,0.20309700,0.20310000,0.20310100,0.20310200,0.20310300
19.473680,0.21671500,0.21942300,0.21946200,0.21947300,0.21947700,0.21948000,0.21948200,0.21948200,0.21948300
19.511280,0.23567400,0.23879800,0.23883700,0.23884900,0.23885200,0.23885600,0.23885700,0.23885800,0.23885800
19.548870,0.25552100,0.25934100,0.25938100,0.25939200,0.25939600,0.25939900,0.25940100,0.25940200,0.25940200
19.586470,0.26069200,0.26562900,0.26566800,0.26568000,0.26568400,0.26568700,0.26568900,0.26568900,0.26569000
19.624060,0.24972700,0.25633100,0.25637100,0.25638300,0.25638600,0.25639000,0.25639100,0.25639200,0.25639300
19.661650,0.23388300,0.24244500,0.24248500,0.24249700,0.24250100,0.24250400,0.24250600,0.24250700,0.24250700
19.699250,0.21455700,0.22418100,0.22422200,0.22423300,0.22423700,0.22424100,0.22424200,0.22424300,0.22424300
19.736840,0.19899900,0.20800300,0.20804400,0.20805600,0.20806000,0.20806300,0.20806500,0.20806600,0.20806600
19.774440,0.19402000,0.20168900,0.20173000,0.20174200,0.20174600,0.20174900,0.20175100,0.20175200,0.20175200
19.812030,0.19187100,0.19819600,0.19823800,0.19825000,0.19825400,0.19825700,0.19825900,0.19826000,0.19826000
19.849620,0.18626000,0.19146600,0.19150800,0.19152000,0.19152400,0.19152700,0.19152900,0.19152900,0.19153000
19.887220,0.17805300,0.18255000,0.18259200,0.18260400,0.18260800,0.18261200,0.18261300,0.18261400,0.18261400
19.924810,0.16281900,0.16702200,0.16706500,0.16707700,0.16708100,0.16708400,0.16708600,0.16708700,0.16708700
19.962400,0.14605100,0.15033100,0.15037400,0.15038600,0.15039000,0.15039300,0.15039500,0.15039600,0.15039600
20.000000,0.13862700,0.14335800,0.14340100,0.14341400,0.14341800,0.14342100,0.14342300,0.14342300,0.14342400
