E[1] [eV],Re(eps)_nbnd_20,Re(eps)_nbnd_30,Re(eps)_nbnd_40,Re(eps)_nbnd_50,Re(eps)_nbnd_60,Re(eps)_nbnd_70,Re(eps)_nbnd_80,Re(eps)_nbnd_90,Re(eps)_nbnd_100
5.000000,3.13889000,3.14538400,3.14885500,3.15040400,3.15123600,3.15219700,3.15274600,3.15303500,3.15326500
5.037593,3.32920400,3.33570200,3.33917500,3.34072500,3.34155600,3.34251700,3.34306500,3.34335700,3.34358500
5.075188,3.53125800,3.53776000,3.54123500,3.54278400,3.54361500,3.54457700,3.54512500,3.54541500,3.54564400
5.112782,3.70923400,3.71573700,3.71921300,3.72076200,3.72159600,3.72255700,3.72310600,3.72339600,3.72362500
5.150376,3.75284900,3.75935700,3.76283300,3.76438500,3.76521600,3.76617800,3.76672600,3.76701600,3.76724600
5.187970,3.43507400,3.44158700,3.44506500,3.44661400,3.44744800,3.44841000,3.44895900,3.44924800,3.44947800
5.225564,2.64957300,2.65608900,2.65956900,2.66112000,2.66195200,2.66291600,2.66346400,2.66375400,2.66398300
5.263157,1.87313500,1.87965500,1.88313700,1.88468800,1.88552100,1.88648300,1.88703300,1.88732300,1.88755200
5.300752,1.49586800,1.50239400,1.50587600,1.50742800,1.50826100,1.50922400,1.50977300,1.51006300,1.51029200
5.338346,1.25205300,1.25858100,1.26206400,1.26361700,1.26445100,1.26541400,1.26596200,1.26625300,1.26648200
5.375940,0.86973600,0.87627000,0.87975400,0.88130600,0.88213900,0.88310400,0.88365200,0.88394300,0.88417100
5.413534,0.54789900,0.55443600,0.55792100,0.55947500,0.56030800,0.56127200,0.56182100,0.56211200,0.56234100
5.451128,0.51300100,0.51954200,0.52302900,0.52458400,0.52541700,0.52638100,0.52693000,0.52722100,0.52745000
5.488721,0.67441600,0.68096100,0.68445000,0.68600400,0.68683800,0.68780100,0.68835100,0.68864100,0.68887000
5.526316,0.90358300,0.91013200,0.91362200,0.91517700,0.91601200,0.91697500,0.91752400,0.91781500,0.91804400
5.563910,1.13814400,1.14469800,1.14818900,1.14974400,1.15057900,1.15154300,1.15209300,1.15238300,1.15261200
5.601503,1.34238600,1.34894300,1.35243600,1.35399200,1.35482700,1.35579100,1.35634100,1.35663100,1.35686100
5.639097,1.46459200,1.47115300,1.47464800,1.47620400,1.47703900,1.47800300,1.47855200,1.47884300,1.47907300
5.676692,1.44003700,1.44660300,1.45009900,1.45165600,1.45249000,1.45345500,1.45400500,1.45429500,1.45452500
5.714285,1.32591100,1.33248100,1.33597900,1.33753600,1.33837100,1.33933600,1.33988600,1.34017600,1.34040600
5.751880,1.31283900,1.31941400,1.32291200,1.32447100,1.32530600,1.32627100,1.32682100,1.32711200,1.32734100
5.789474,1.44326200,1.44984000,1.45334100,1.45489900,1.45573500,1.45670000,1.45725000,1.45754100,1.45777000
5.827067,1.64051500,1.64709800,1.65060000,1.65215800,1.65299500,1.65396000,1.65451000,1.65480100,1.65503000
5.864661,1.82344700,1.83003500,1.83353800,1.83509800,1.83593400,1.83689900,1.83745000,1.83774100,1.83797000
5.902255,1.87327900,1.87987100,1.88337600,1.88493500,1.88577200,1.88673800,1.88728800,1.88757900,1.88780800
5.939849,1.57893000,1.58552800,1.58903200,1.59059400,1.59143000,1.59239600,1.59294700,1.59323800,1.59346700
5.977444,0.84565100,0.85225300,0.85575900,0.85732000,0.85815900,0.85912400,0.85967500,0.85996500,0.86019600
6.015037,0.12656600,0.13317300,0.13668100,0.13824300,0.13908000,0.14004600,0.14059700,0.14088800,0.14111700
6.052631,-0.15698600,-0.15037500,-0.14686500,-0.14530300,-0.14446600,-0.14349900,-0.14294800,-0.14265800,-0.14242800
6.090225,-0.12229000,-0.11567400,-0.11216200,-0.11060000,-0.10976200,-0.10879500,-0.10824500,-0.10795300,-0.10772400
6.127820,0.02933900,0.03595900,0.03947200,0.04103600,0.04187400,0.04284000,0.04339100,0.04368200,0.04391200
6.165413,0.20525800,0.21188300,0.21539900,0.21696200,0.21780000,0.21876800,0.21931800,0.21960900,0.21983900
6.203007,0.37855200,0.38518200,0.38869900,0.39026300,0.39110100,0.39206900,0.39262000,0.39291100,0.39314000
6.240601,0.54325400,0.54988900,0.55340700,0.55497200,0.55581000,0.55677800,0.55732900,0.55762000,0.55784900
6.278195,0.69950600,0.70614500,0.70966500,0.71123000,0.71206900,0.71303700,0.71358800,0.71387900,0.71410900
6.315789,0.85000600,0.85665000,0.86017200,0.86173800,0.86257700,0.86354500,0.86409600,0.86438700,0.86461700
6.353383,0.99777000,1.00441900,1.00794200,1.00950900,1.01034800,1.01131600,1.01186700,1.01215900,1.01238800
6.390977,1.14371600,1.15037000,1.15389500,1.15546200,1.15630200,1.15727000,1.15782100,1.15811300,1.15834200
6.428571,1.28148500,1.28814400,1.29167000,1.29323800,1.29407800,1.29504600,1.29559800,1.29588900,1.29611900
6.466165,1.38362300,1.39028700,1.39381500,1.39538400,1.39622400,1.39719200,1.39774400,1.39803500,1.39826500
6.503759,1.37358200,1.38025100,1.38378000,1.38535000,1.38619000,1.38715900,1.38771000,1.38800200,1.38823200
6.541353,1.13181900,1.13849400,1.14202500,1.14359500,1.14443600,1.14540500,1.14595600,1.14624800,1.14647800
6.578947,0.70430800,0.71098800,0.71452000,0.71609100,0.71693200,0.71790000,0.71845200,0.71874400,0.71897400
6.616541,0.40173800,0.40842300,0.41195800,0.41352800,0.41437000,0.41533900,0.41589100,0.41618300,0.41641300
6.654135,0.33962900,0.34631900,0.34985500,0.35142700,0.35226900,0.35323800,0.35378900,0.35408200,0.35431200
6.691729,0.41592600,0.42262100,0.42616000,0.42773100,0.42857300,0.42954300,0.43009500,0.43038700,0.43061700
6.729323,0.54143200,0.54813300,0.55167200,0.55324500,0.55408700,0.55505700,0.55560900,0.55590100,0.55613100
6.766917,0.67041800,0.67712400,0.68066600,0.68223900,0.68308100,0.68405100,0.68460300,0.68489500,0.68512500
6.804511,0.76953300,0.77624500,0.77978800,0.78136200,0.78220400,0.78317500,0.78372700,0.78401900,0.78424900
6.842104,0.79469600,0.80141300,0.80495800,0.80653300,0.80737500,0.80834600,0.80889800,0.80919000,0.80942000
6.879699,0.72898500,0.73570700,0.73925400,0.74082900,0.74167200,0.74264300,0.74319500,0.74348800,0.74371800
6.917293,0.65385800,0.66058600,0.66413400,0.66571000,0.66655300,0.66752400,0.66807700,0.66836900,0.66860000
6.954887,0.61625300,0.62298600,0.62653600,0.62811400,0.62895700,0.62992800,0.63048100,0.63077300,0.63100300
6.992481,0.53839600,0.54513500,0.54868700,0.55026400,0.55110800,0.55207900,0.55263200,0.55292400,0.55315400
7.030074,0.37250500,0.37925000,0.38280400,0.38438200,0.38522600,0.38619700,0.38675000,0.38704300,0.38727300
7.067669,0.23370500,0.24045600,0.24401200,0.24559000,0.24643400,0.24740600,0.24795900,0.24825200,0.24848200
7.105263,0.20968500,0.21644100,0.21999800,0.22157800,0.22242200,0.22339400,0.22394700,0.22424000,0.22447000
7.142857,0.25837700,0.26513900,0.26869800,0.27027800,0.27112300,0.27209500,0.27264800,0.27294100,0.27317100
7.180451,0.32970500,0.33647300,0.34003400,0.34161500,0.34245900,0.34343200,0.34398500,0.34427800,0.34450800
7.218045,0.40192500,0.40869900,0.41226200,0.41384300,0.41468800,0.41566100,0.41621400,0.41650700,0.41673800
7.255639,0.46851500,0.47529500,0.47886000,0.48044200,0.48128700,0.48226000,0.48281400,0.48310600,0.48333700
7.293232,0.52836800,0.53515400,0.53872000,0.54030300,0.54114900,0.54212200,0.54267600,0.54296800,0.54319900
7.330826,0.58196200,0.58875400,0.59232200,0.59390600,0.59475200,0.59572500,0.59627900,0.59657200,0.59680300
7.368421,0.63025200,0.63705000,0.64062000,0.64220400,0.64305100,0.64402400,0.64457800,0.64487100,0.64510200
7.406014,0.67447100,0.68127500,0.68484700,0.68643200,0.68727900,0.68825300,0.68880700,0.68910000,0.68933000
7.443608,0.71556200,0.72237200,0.72594600,0.72753200,0.72837900,0.72935300,0.72990700,0.73020000,0.73043000
7.481203,0.75382800,0.76064400,0.76422000,0.76580700,0.76665400,0.76762800,0.76818200,0.76847500,0.76870600
7.518797,0.78884300,0.79566500,0.79924300,0.80083100,0.80167800,0.80265200,0.80320700,0.80350000,0.80373100
7.556391,0.81902000,0.82584900,0.82942900,0.83101700,0.83186500,0.83284000,0.83339400,0.83368700,0.83391800
7.593984,0.84301700,0.84985200,0.85343500,0.85502300,0.85587100,0.85684600,0.85740100,0.85769400,0.85792500
7.631578,0.86489500,0.87173600,0.87532100,0.87691000,0.87775800,0.87873300,0.87928800,0.87958100,0.87981200
7.669173,0.89066000,0.89750700,0.90109400,0.90268400,0.90353200,0.90450800,0.90506200,0.90535600,0.90558700
7.706767,0.92035700,0.92721100,0.93079900,0.93239000,0.93323800,0.93421400,0.93476900,0.93506300,0.93529400
7.744360,0.95194300,0.95880400,0.96239400,0.96398600,0.96483500,0.96581100,0.96636600,0.96665900,0.96689000
7.781955,0.98427600,0.99114300,0.99473500,0.99632800,0.99717700,0.99815300,0.99870800,0.99900200,0.99923300
7.819549,1.01664200,1.02351600,1.02711000,1.02870300,1.02955300,1.03052900,1.03108500,1.03137800,1.03160900
7.857142,1.04819800,1.05507800,1.05867500,1.06026900,1.06111800,1.06209500,1.06265100,1.06294400,1.06317600
7.894736,1.07753900,1.08442600,1.08802400,1.08961900,1.09046900,1.09144600,1.09200200,1.09229500,1.09252700
7.932330,1.10375100,1.11064500,1.11424500,1.11584100,1.11669100,1.11766800,1.11822400,1.11851800,1.11874900
7.969924,1.13242200,1.13932200,1.14292500,1.14452100,1.14537200,1.14634900,1.14690500,1.14719900,1.14743000
8.007519,1.16973100,1.17663800,1.18024300,1.18184000,1.18269100,1.18366900,1.18422500,1.18451900,1.18475000
8.045113,1.21153100,1.21844500,1.22205300,1.22365000,1.22450100,1.22548000,1.22603500,1.22632900,1.22656100
8.082706,1.24339900,1.25032000,1.25392900,1.25552800,1.25637900,1.25735700,1.25791400,1.25820700,1.25843900
8.120299,1.23207100,1.23899900,1.24261000,1.24421000,1.24506100,1.24604000,1.24659600,1.24689000,1.24712200
8.157894,1.12276000,1.12969500,1.13330900,1.13490900,1.13576100,1.13674000,1.13729600,1.13759000,1.13782200
8.195488,0.92023000,0.92717200,0.93078800,0.93238900,0.93324100,0.93422000,0.93477700,0.93507100,0.93530200
8.233082,0.75981800,0.76676700,0.77038500,0.77198700,0.77283900,0.77381900,0.77437500,0.77467000,0.77490100
8.270677,0.71007700,0.71703300,0.72065300,0.72225600,0.72310900,0.72408900,0.72464500,0.72494000,0.72517100
8.308270,0.72524600,0.73220900,0.73583200,0.73743500,0.73828800,0.73926800,0.73982500,0.74011900,0.74035100
8.345864,0.76243000,0.76940100,0.77302500,0.77462900,0.77548300,0.77646300,0.77702000,0.77731400,0.77754600
8.383458,0.80395400,0.81093200,0.81455900,0.81616400,0.81701800,0.81799900,0.81855600,0.81885000,0.81908200
8.421052,0.84383500,0.85082100,0.85445000,0.85605600,0.85691000,0.85789100,0.85844800,0.85874200,0.85897400
8.458646,0.88054700,0.88754000,0.89117100,0.89277800,0.89363300,0.89461400,0.89517100,0.89546600,0.89569800
8.496240,0.91417600,0.92117600,0.92480900,0.92641700,0.92727200,0.92825300,0.92881100,0.92910500,0.92933700
8.533834,0.94524900,0.95225700,0.95589300,0.95750100,0.95835600,0.95933800,0.95989600,0.96019000,0.96042200
8.571428,0.97426200,0.98127800,0.98491600,0.98652500,0.98738100,0.98836200,0.98892000,0.98921500,0.98944700
8.609021,1.00145600,1.00847900,1.01212000,1.01373000,1.01458600,1.01556800,1.01612600,1.01642100,1.01665200
8.646616,1.02709600,1.03412700,1.03777000,1.03938100,1.04023700,1.04121900,1.04177700,1.04207200,1.04230400
8.684210,1.05248100,1.05951900,1.06316500,1.06477700,1.06563300,1.06661600,1.06717400,1.06746900,1.06770100
8.721804,1.07920100,1.08624700,1.08989500,1.09150700,1.09236400,1.09334700,1.09390500,1.09420000,1.09443300
8.759398,1.10748300,1.11453700,1.11818700,1.11980100,1.12065800,1.12164100,1.12219900,1.12249400,1.12272600
8.796992,1.13680800,1.14387000,1.14752200,1.14913700,1.14999400,1.15097700,1.15153600,1.15183100,1.15206300
8.834586,1.16623000,1.17330000,1.17695500,1.17857000,1.17942800,1.18041200,1.18097000,1.18126600,1.18149800
8.872180,1.19208700,1.19916500,1.20282200,1.20443800,1.20529600,1.20628000,1.20683900,1.20713400,1.20736700
8.909773,1.20155800,1.20864300,1.21230300,1.21392000,1.21477900,1.21576300,1.21632200,1.21661700,1.21685000
8.947368,1.16710000,1.17419400,1.17785600,1.17947400,1.18033300,1.18131700,1.18187700,1.18217200,1.18240400
8.984962,1.07292100,1.08002300,1.08368700,1.08530600,1.08616500,1.08715000,1.08770900,1.08800500,1.08823700
9.022555,0.97625900,0.98336900,0.98703600,0.98865600,0.98951500,0.99050100,0.99106000,0.99135600,0.99158800
9.060150,0.93757000,0.94468800,0.94835800,0.94997800,0.95083800,0.95182400,0.95238300,0.95267900,0.95291100
9.097744,0.94245900,0.94958600,0.95325800,0.95488000,0.95574000,0.95672600,0.95728500,0.95758100,0.95781400
9.135338,0.96146900,0.96860400,0.97227900,0.97390100,0.97476200,0.97574800,0.97630800,0.97660300,0.97683600
9.172933,0.98245600,0.98960000,0.99327700,0.99490100,0.99576100,0.99674800,0.99730800,0.99760300,0.99783600
9.210526,1.00246200,1.00961400,1.01329400,1.01491800,1.01578000,1.01676600,1.01732600,1.01762200,1.01785500
9.248120,1.01643300,1.02359300,1.02727600,1.02890100,1.02976200,1.03074900,1.03130900,1.03160500,1.03183800
9.285713,1.02370400,1.03087300,1.03455800,1.03618500,1.03704600,1.03803400,1.03859400,1.03889000,1.03912300
9.323307,1.03359300,1.04077100,1.04445800,1.04608600,1.04694800,1.04793500,1.04849600,1.04879200,1.04902500
9.360902,1.05012800,1.05731500,1.06100500,1.06263300,1.06349600,1.06448400,1.06504400,1.06534100,1.06557300
9.398496,1.06954700,1.07674200,1.08043500,1.08206400,1.08292700,1.08391500,1.08447600,1.08477200,1.08500500
9.436090,1.08873400,1.09593900,1.09963400,1.10126400,1.10212700,1.10311600,1.10367700,1.10397300,1.10420600
9.473684,1.10788000,1.11509300,1.11879100,1.12042200,1.12128600,1.12227400,1.12283500,1.12313200,1.12336500
9.511277,1.12826800,1.13549000,1.13919100,1.14082300,1.14168700,1.14267600,1.14323700,1.14353400,1.14376700
9.548872,1.14952000,1.15675100,1.16045400,1.16208800,1.16295200,1.16394100,1.16450300,1.16479900,1.16503200
9.586466,1.16956800,1.17680800,1.18051400,1.18214800,1.18301300,1.18400300,1.18456400,1.18486000,1.18509400
9.624060,1.18289600,1.19014500,1.19385400,1.19548900,1.19635400,1.19734400,1.19790600,1.19820300,1.19843600
9.661654,1.17709100,1.18435000,1.18806100,1.18969700,1.19056300,1.19155300,1.19211500,1.19241100,1.19264500
9.699247,1.13982400,1.14709200,1.15080600,1.15244300,1.15330900,1.15430000,1.15486200,1.15515800,1.15539200
9.736841,1.08874200,1.09601900,1.09973600,1.10137400,1.10224100,1.10323200,1.10379400,1.10409100,1.10432400
9.774436,1.05990800,1.06719400,1.07091400,1.07255300,1.07342000,1.07441100,1.07497300,1.07527000,1.07550400
9.812029,1.05916100,1.06645700,1.07017900,1.07182000,1.07268700,1.07367800,1.07424000,1.07453700,1.07477100
9.849624,1.07279100,1.08009600,1.08382200,1.08546300,1.08633000,1.08732200,1.08788500,1.08818200,1.08841500
9.887218,1.09074000,1.09805500,1.10178300,1.10342500,1.10429300,1.10528500,1.10584800,1.10614500,1.10637900
9.924811,1.10900400,1.11632900,1.12005900,1.12170300,1.12257100,1.12356300,1.12412600,1.12442300,1.12465700
9.962406,1.12637100,1.13370600,1.13744000,1.13908400,1.13995300,1.14094500,1.14150800,1.14180600,1.14203900
9.999999,1.14247100,1.14981500,1.15355200,1.15519700,1.15606600,1.15705900,1.15762300,1.15792000,1.15815400
10.037590,1.15684900,1.16420300,1.16794300,1.16958900,1.17045900,1.17145200,1.17201500,1.17231300,1.17254700
10.075190,1.16861400,1.17597900,1.17972100,1.18136800,1.18223800,1.18323200,1.18379500,1.18409300,1.18432700
10.112780,1.17778900,1.18516400,1.18890900,1.19055700,1.19142700,1.19242200,1.19298500,1.19328300,1.19351700
10.150380,1.18714700,1.19453100,1.19827900,1.19992900,1.20079900,1.20179400,1.20235800,1.20265500,1.20288900
10.187970,1.19857400,1.20596900,1.20972000,1.21137100,1.21224200,1.21323600,1.21380000,1.21409800,1.21433200
10.225560,1.21140000,1.21880400,1.22255800,1.22421000,1.22508100,1.22607600,1.22664100,1.22693800,1.22717300
10.263160,1.22480400,1.23221900,1.23597600,1.23762900,1.23850000,1.23949600,1.24006000,1.24035800,1.24059200
10.300750,1.23842400,1.24584900,1.24961000,1.25126300,1.25213500,1.25313100,1.25369500,1.25399400,1.25422800
10.338350,1.25189200,1.25932700,1.26309000,1.26474500,1.26561800,1.26661400,1.26717900,1.26747700,1.26771100
10.375940,1.26427600,1.27172200,1.27548800,1.27714400,1.27801700,1.27901300,1.27957800,1.27987600,1.28011100
10.413530,1.27386000,1.28131700,1.28508600,1.28674300,1.28761700,1.28861300,1.28917800,1.28947700,1.28971100
10.451130,1.28049600,1.28796400,1.29173600,1.29339400,1.29426800,1.29526500,1.29583000,1.29612900,1.29636300
10.488720,1.28818400,1.29566200,1.29943700,1.30109700,1.30197000,1.30296800,1.30353300,1.30383200,1.30406600
10.526310,1.29974100,1.30723000,1.31100800,1.31266900,1.31354300,1.31454100,1.31510600,1.31540500,1.31563900
10.563910,1.31451700,1.32201700,1.32579800,1.32746000,1.32833500,1.32933300,1.32989800,1.33019700,1.33043100
10.601500,1.32962300,1.33713400,1.34091900,1.34258100,1.34345700,1.34445500,1.34502100,1.34532000,1.34555400
10.639100,1.33913900,1.34666100,1.35044900,1.35211300,1.35298900,1.35398800,1.35455400,1.35485200,1.35508700
10.676690,1.33256100,1.34009400,1.34388500,1.34555000,1.34642600,1.34742500,1.34799100,1.34829000,1.34852500
10.714280,1.30450600,1.31205000,1.31584400,1.31751000,1.31838700,1.31938600,1.31995200,1.32025100,1.32048600
10.751880,1.27560300,1.28315800,1.28695600,1.28862300,1.28950000,1.29050000,1.29106600,1.29136500,1.29160000
10.789470,1.26622500,1.27379200,1.27759300,1.27926100,1.28013800,1.28113900,1.28170500,1.28200400,1.28223900
10.827070,1.27256200,1.28014100,1.28394400,1.28561400,1.28649200,1.28749300,1.28805900,1.28835800,1.28859300
10.864660,1.28715700,1.29474700,1.29855300,1.30022400,1.30110200,1.30210400,1.30267100,1.30297000,1.30320500
10.902250,1.30439000,1.31199100,1.31580200,1.31747300,1.31835200,1.31935300,1.31992100,1.32022000,1.32045500
10.939850,1.31912600,1.32673900,1.33055300,1.33222600,1.33310500,1.33410700,1.33467400,1.33497300,1.33520800
10.977440,1.32683900,1.33446400,1.33828000,1.33995500,1.34083400,1.34183600,1.34240400,1.34270300,1.34293800
11.015040,1.32962300,1.33725900,1.34107900,1.34275500,1.34363500,1.34463700,1.34520500,1.34550400,1.34574000
11.052630,1.33724700,1.34489500,1.34871900,1.35039500,1.35127600,1.35227900,1.35284700,1.35314600,1.35338100
11.090220,1.35239000,1.36005000,1.36387700,1.36555500,1.36643500,1.36743900,1.36800700,1.36830600,1.36854200
11.127820,1.37116200,1.37883400,1.38266400,1.38434300,1.38522500,1.38622800,1.38679600,1.38709600,1.38733100
11.165410,1.38946500,1.39715000,1.40098300,1.40266400,1.40354600,1.40455000,1.40511800,1.40541800,1.40565300
11.203010,1.40205300,1.40975000,1.41358700,1.41526800,1.41615100,1.41715500,1.41772400,1.41802300,1.41825900
11.240600,1.40012100,1.40783000,1.41167100,1.41335300,1.41423600,1.41524100,1.41581000,1.41611000,1.41634500
11.278190,1.37807500,1.38579700,1.38964000,1.39132400,1.39220700,1.39321300,1.39378100,1.39408100,1.39431700
11.315790,1.35162700,1.35936100,1.36320900,1.36489400,1.36577700,1.36678300,1.36735200,1.36765200,1.36788700
11.353380,1.34278100,1.35052800,1.35437900,1.35606500,1.35694900,1.35795500,1.35852500,1.35882500,1.35906100
11.390980,1.35023300,1.35799300,1.36184700,1.36353500,1.36441900,1.36542600,1.36599500,1.36629500,1.36653100
11.428570,1.36612200,1.37389500,1.37775200,1.37944100,1.38032600,1.38133300,1.38190300,1.38220300,1.38243900
11.466160,1.38617900,1.39396500,1.39782600,1.39951600,1.40040100,1.40140800,1.40197800,1.40227900,1.40251500
11.503760,1.40741100,1.41520900,1.41907400,1.42076500,1.42165100,1.42265900,1.42322900,1.42352900,1.42376500
11.541350,1.42773200,1.43554400,1.43941200,1.44110500,1.44199100,1.44299900,1.44356900,1.44386900,1.44410600
11.578950,1.44613900,1.45396400,1.45783600,1.45953000,1.46041700,1.46142500,1.46199500,1.46229600,1.46253200
11.616540,1.46421100,1.47204900,1.47592400,1.47761900,1.47850700,1.47951500,1.48008600,1.48038700,1.48062300
11.654130,1.48343100,1.49128200,1.49516200,1.49685800,1.49774600,1.49875500,1.49932600,1.49962700,1.49986300
11.691730,1.49959600,1.50746000,1.51134300,1.51304100,1.51392900,1.51493800,1.51550900,1.51581000,1.51604700
11.729320,1.50214600,1.51002400,1.51391000,1.51560900,1.51649800,1.51750800,1.51807900,1.51838000,1.51861600
11.766920,1.48184600,1.48973800,1.49362900,1.49532900,1.49621800,1.49722800,1.49780000,1.49810100,1.49833700
11.804510,1.45496600,1.46287100,1.46676500,1.46846700,1.46935700,1.47036700,1.47093900,1.47124000,1.47147700
11.842100,1.44888200,1.45680100,1.46069900,1.46240200,1.46329200,1.46430300,1.46487500,1.46517600,1.46541200
11.879700,1.46334400,1.47127700,1.47517900,1.47688300,1.47777400,1.47878500,1.47935700,1.47965800,1.47989500
11.917290,1.48727000,1.49521700,1.49912300,1.50082800,1.50171900,1.50273100,1.50330300,1.50360500,1.50384100
11.954890,1.51432800,1.52229000,1.52619900,1.52790600,1.52879700,1.52981000,1.53038200,1.53068400,1.53092000
11.992480,1.54168400,1.54966000,1.55357300,1.55528100,1.55617300,1.55718500,1.55775800,1.55806000,1.55829700
12.030070,1.56711900,1.57511000,1.57902600,1.58073600,1.58162900,1.58264200,1.58321500,1.58351600,1.58375300
12.067670,1.58900300,1.59700800,1.60092800,1.60263900,1.60353200,1.60454600,1.60511900,1.60542100,1.60565800
12.105260,1.60905100,1.61707100,1.62099500,1.62270700,1.62360100,1.62461500,1.62518800,1.62549000,1.62572700
12.142860,1.62930100,1.63733500,1.64126300,1.64297700,1.64387100,1.64488500,1.64545800,1.64576100,1.64599800
12.180450,1.64724100,1.65529000,1.65922200,1.66093700,1.66183200,1.66284600,1.66341900,1.66372200,1.66395900
12.218040,1.65505800,1.66312200,1.66705800,1.66877500,1.66967000,1.67068500,1.67125800,1.67156100,1.67179800
12.255640,1.65140200,1.65948100,1.66342100,1.66513900,1.66603400,1.66705000,1.66762400,1.66792600,1.66816300
12.293230,1.65016700,1.65826200,1.66220600,1.66392500,1.66482100,1.66583700,1.66641100,1.66671400,1.66695000
12.330830,1.65147000,1.65958000,1.66352800,1.66524900,1.66614500,1.66716200,1.66773600,1.66803800,1.66827600
12.368420,1.64953000,1.65765500,1.66160700,1.66332900,1.66422600,1.66524300,1.66581700,1.66612000,1.66635700
12.406010,1.65679700,1.66493800,1.66889400,1.67061700,1.67151500,1.67253200,1.67310700,1.67341000,1.67364700
12.443610,1.67766500,1.68582100,1.68978100,1.69150700,1.69240500,1.69342200,1.69399700,1.69430000,1.69453800
12.481200,1.69932000,1.70749200,1.71145600,1.71318200,1.71408100,1.71509900,1.71567400,1.71597700,1.71621500
12.518800,1.70770300,1.71589100,1.71985900,1.72158700,1.72248600,1.72350500,1.72408000,1.72438300,1.72462100
12.556390,1.70860600,1.71681000,1.72078200,1.72251200,1.72341200,1.72443000,1.72500600,1.72530900,1.72554700
12.593980,1.72532600,1.73354700,1.73752300,1.73925400,1.74015500,1.74117400,1.74174900,1.74205200,1.74229000
12.631580,1.76301100,1.77124800,1.77522900,1.77696100,1.77786200,1.77888100,1.77945700,1.77976100,1.77999900
12.669170,1.81370900,1.82196200,1.82594600,1.82768000,1.82858200,1.82960200,1.83017800,1.83048100,1.83071900
12.706770,1.87068300,1.87895200,1.88294100,1.88467600,1.88557800,1.88659900,1.88717500,1.88747900,1.88771700
12.744360,1.93074800,1.93903500,1.94302800,1.94476400,1.94566700,1.94668800,1.94726400,1.94756800,1.94780600
12.781950,1.99453900,2.00284200,2.00683900,2.00857700,2.00948000,2.01050200,2.01107800,2.01138200,2.01162000
12.819550,2.06074300,2.06906300,2.07306400,2.07480400,2.07570700,2.07672900,2.07730700,2.07761000,2.07784900
12.857140,2.11577800,2.12411500,2.12812000,2.12986200,2.13076600,2.13178800,2.13236600,2.13266900,2.13290800
12.894740,2.12887100,2.13722500,2.14123500,2.14297800,2.14388300,2.14490500,2.14548300,2.14578700,2.14602500
12.932330,2.07708300,2.08545400,2.08946900,2.09121400,2.09211800,2.09314100,2.09371900,2.09402300,2.09426100
12.969920,1.99518000,2.00356900,2.00758800,2.00933500,2.01024000,2.01126400,2.01184100,2.01214600,2.01238400
13.007520,1.92475700,1.93316400,1.93718700,1.93893500,1.93984100,1.94086500,1.94144300,1.94174700,1.94198600
13.045110,1.89508000,1.90350500,1.90753200,1.90928100,1.91018800,1.91121300,1.91179100,1.91209500,1.91233400
13.082710,1.90152800,1.90997000,1.91400300,1.91575300,1.91666000,1.91768500,1.91826400,1.91856800,1.91880700
13.120300,1.87127800,1.87973800,1.88377500,1.88552600,1.88643400,1.88746000,1.88803900,1.88834300,1.88858200
13.157890,1.77108900,1.77956700,1.78360900,1.78536300,1.78627100,1.78729700,1.78787500,1.78818000,1.78841900
13.195490,1.70171800,1.71021500,1.71426100,1.71601600,1.71692500,1.71795100,1.71853100,1.71883500,1.71907400
13.233080,1.73629800,1.74481300,1.74886400,1.75062000,1.75153000,1.75255700,1.75313600,1.75344100,1.75368000
13.270670,1.83927700,1.84781100,1.85186600,1.85362500,1.85453500,1.85556200,1.85614200,1.85644700,1.85668600
13.308270,1.96266000,1.97121300,1.97527200,1.97703200,1.97794300,1.97897100,1.97955000,1.97985600,1.98009500
13.345860,2.06840900,2.07698100,2.08104500,2.08280700,2.08371800,2.08474600,2.08532600,2.08563200,2.08587100
13.383460,2.11852200,2.12711300,2.13118200,2.13294500,2.13385700,2.13488600,2.13546600,2.13577100,2.13601000
13.421050,2.09846800,2.10707900,2.11115200,2.11291700,2.11382900,2.11485800,2.11543900,2.11574500,2.11598400
13.458640,2.02068600,2.02931600,2.03339400,2.03516000,2.03607300,2.03710300,2.03768300,2.03798900,2.03822900
13.496240,1.91357900,1.92222900,1.92631100,1.92807900,1.92899300,1.93002300,1.93060400,1.93090900,1.93114900
13.533830,1.83728000,1.84595000,1.85003700,1.85180600,1.85272000,1.85375100,1.85433200,1.85463800,1.85487800
13.571430,1.81834700,1.82703600,1.83112800,1.83290000,1.83381500,1.83484600,1.83542700,1.83573300,1.83597300
13.609020,1.78679500,1.79550400,1.79960100,1.80137400,1.80229000,1.80332100,1.80390300,1.80420900,1.80444900
13.646620,1.73399100,1.74272100,1.74682200,1.74859700,1.74951200,1.75054500,1.75112700,1.75143300,1.75167300
13.684210,1.69543800,1.70418800,1.70829500,1.71007000,1.71098700,1.71202000,1.71260200,1.71290800,1.71314800
13.721800,1.58853500,1.59730600,1.60141800,1.60319600,1.60411300,1.60514600,1.60572800,1.60603400,1.60627400
13.759400,1.37114500,1.37993600,1.38405300,1.38583300,1.38675000,1.38778400,1.38836600,1.38867300,1.38891300
13.796990,1.14758600,1.15639900,1.16052000,1.16230100,1.16322000,1.16425400,1.16483600,1.16514300,1.16538300
13.834590,0.99006700,0.99890100,1.00302700,1.00481100,1.00573000,1.00676400,1.00734700,1.00765300,1.00789400
13.872180,0.88860500,0.89746000,0.90159100,0.90337600,0.90429500,0.90533000,0.90591300,0.90622000,0.90646100
13.909770,0.84750200,0.85637900,0.86051600,0.86230200,0.86322200,0.86425700,0.86484100,0.86514800,0.86538800
13.947370,0.81162400,0.82052300,0.82466400,0.82645200,0.82737300,0.82840900,0.82899300,0.82929900,0.82954000
13.984960,0.71678500,0.72570600,0.72985200,0.73164200,0.73256300,0.73360000,0.73418400,0.73449100,0.73473200
14.022560,0.63794300,0.64688600,0.65103700,0.65282900,0.65375100,0.65478800,0.65537200,0.65567900,0.65592000
14.060150,0.65783100,0.66679700,0.67095300,0.67274600,0.67366900,0.67470600,0.67529100,0.67559800,0.67583900
14.097740,0.73571500,0.74470300,0.74886500,0.75066000,0.75158300,0.75262100,0.75320600,0.75351300,0.75375400
14.135340,0.79437000,0.80338100,0.80754700,0.80934400,0.81026800,0.81130700,0.81189100,0.81219900,0.81244000
14.172930,0.81055000,0.81958400,0.82375600,0.82555500,0.82647900,0.82751800,0.82810300,0.82841100,0.82865200
14.210530,0.84651500,0.85557200,0.85974900,0.86155000,0.86247500,0.86351400,0.86410000,0.86440800,0.86464900
14.248120,0.93679000,0.94587000,0.95005300,0.95185500,0.95278100,0.95382100,0.95440600,0.95471400,0.95495500
14.285710,1.05348500,1.06259000,1.06677700,1.06858200,1.06950800,1.07054800,1.07113400,1.07144200,1.07168300
14.323310,1.16234600,1.17147400,1.17566700,1.17747300,1.17840000,1.17944100,1.18002700,1.18033500,1.18057600
14.360900,1.23977400,1.24892700,1.25312500,1.25493300,1.25586000,1.25690200,1.25748800,1.25779600,1.25803800
14.398490,1.27985100,1.28902800,1.29323100,1.29504100,1.29596900,1.29701100,1.29759800,1.29790600,1.29814800
14.436090,1.29702600,1.30622700,1.31043600,1.31224800,1.31317700,1.31421900,1.31480600,1.31511400,1.31535600
14.473680,1.34725000,1.35647700,1.36069100,1.36250400,1.36343400,1.36447700,1.36506400,1.36537300,1.36561400
14.511280,1.45723900,1.46649100,1.47071100,1.47252600,1.47345600,1.47450000,1.47508700,1.47539600,1.47563700
14.548870,1.58911500,1.59839100,1.60261700,1.60443400,1.60536500,1.60640900,1.60699700,1.60730500,1.60754800
14.586460,1.67732800,1.68663100,1.69086200,1.69268100,1.69361200,1.69465700,1.69524500,1.69555300,1.69579500
14.624060,1.64589800,1.65522600,1.65946300,1.66128400,1.66221600,1.66326100,1.66384900,1.66415800,1.66440000
14.661650,1.50612000,1.51547500,1.51971700,1.52154000,1.52247200,1.52351800,1.52410600,1.52441500,1.52465700
14.699250,1.36483500,1.37421600,1.37846300,1.38028800,1.38122200,1.38226800,1.38285600,1.38316500,1.38340800
14.736840,1.19402900,1.20343600,1.20769000,1.20951600,1.21045100,1.21149700,1.21208600,1.21239600,1.21263800
14.774440,0.88729700,0.89673200,0.90099100,0.90282000,0.90375400,0.90480100,0.90539100,0.90570000,0.90594200
14.812030,0.55308000,0.56254100,0.56680700,0.56863700,0.56957200,0.57062100,0.57120900,0.57151900,0.57176100
14.849620,0.38752600,0.39701500,0.40128600,0.40311800,0.40405500,0.40510200,0.40569300,0.40600200,0.40624500
14.887220,0.38768300,0.39720000,0.40147700,0.40331100,0.40424700,0.40529600,0.40588600,0.40619600,0.40643800
14.924810,0.44029200,0.44983700,0.45411900,0.45595600,0.45689300,0.45794300,0.45853300,0.45884300,0.45908500
14.962400,0.40536700,0.41494000,0.41922800,0.42106600,0.42200400,0.42305400,0.42364400,0.42395500,0.42419700
15.000000,0.21855400,0.22815700,0.23245000,0.23429100,0.23522900,0.23628000,0.23687100,0.23718000,0.23742300
15.037590,0.02708600,0.03671700,0.04101700,0.04286000,0.04379900,0.04485000,0.04544100,0.04575100,0.04599400
15.075190,-0.01008400,-0.00042248,0.00388300,0.00572700,0.00666700,0.00771900,0.00831000,0.00862000,0.00886300
15.112780,0.07527700,0.08496700,0.08927900,0.09112500,0.09206600,0.09311800,0.09371000,0.09402000,0.09426300
15.150370,0.20668700,0.21640700,0.22072500,0.22257300,0.22351500,0.22456800,0.22515900,0.22547000,0.22571300
15.187970,0.34376600,0.35351600,0.35784000,0.35969000,0.36063200,0.36168600,0.36227800,0.36258900,0.36283200
15.225560,0.46901500,0.47879600,0.48312500,0.48497800,0.48592000,0.48697400,0.48756700,0.48787700,0.48812100
15.263160,0.56737600,0.57718800,0.58152400,0.58337800,0.58432200,0.58537700,0.58596900,0.58628000,0.58652300
15.300750,0.60281100,0.61265400,0.61699600,0.61885200,0.61979700,0.62085200,0.62144500,0.62175600,0.62199900
15.338350,0.52502200,0.53489600,0.53924500,0.54110300,0.54204800,0.54310400,0.54369700,0.54400800,0.54425200
15.375940,0.37734000,0.38724700,0.39160200,0.39346200,0.39440800,0.39546400,0.39605700,0.39636900,0.39661200
15.413530,0.29670400,0.30664300,0.31100400,0.31286700,0.31381300,0.31487000,0.31546400,0.31577500,0.31601900
15.451130,0.30921400,0.31918600,0.32355300,0.32541800,0.32636500,0.32742200,0.32801600,0.32832800,0.32857100
15.488720,0.35537300,0.36537800,0.36975200,0.37161900,0.37256600,0.37362400,0.37421800,0.37453000,0.37477300
15.526320,0.39197100,0.40201100,0.40639000,0.40825900,0.40920800,0.41026600,0.41086100,0.41117300,0.41141600
15.563910,0.41671500,0.42678800,0.43117400,0.43304500,0.43399400,0.43505300,0.43564800,0.43596000,0.43620400
15.601500,0.44698200,0.45708900,0.46148200,0.46335500,0.46430500,0.46536500,0.46595900,0.46627200,0.46651600
15.639100,0.47995800,0.49010100,0.49450000,0.49637500,0.49732600,0.49838600,0.49898100,0.49929400,0.49953800
15.676690,0.51416800,0.52434600,0.52875100,0.53062900,0.53158100,0.53264100,0.53323700,0.53354900,0.53379300
15.714280,0.55716300,0.56737600,0.57178800,0.57366800,0.57462000,0.57568100,0.57627700,0.57659000,0.57683400
15.751880,0.60730600,0.61755500,0.62197400,0.62385600,0.62480900,0.62587100,0.62646700,0.62677900,0.62702400
15.789470,0.66497300,0.67525900,0.67968400,0.68156900,0.68252200,0.68358500,0.68418100,0.68449400,0.68473800
15.827070,0.72825100,0.73857400,0.74300600,0.74489200,0.74584700,0.74691000,0.74750700,0.74782000,0.74806400
15.864660,0.79022200,0.80058300,0.80502200,0.80691100,0.80786600,0.80893000,0.80952600,0.80983900,0.81008400
15.902260,0.84461100,0.85501000,0.85945500,0.86134600,0.86230200,0.86336600,0.86396300,0.86427600,0.86452100
15.939850,0.88072000,0.89115800,0.89561000,0.89750300,0.89846000,0.89952500,0.90012200,0.90043600,0.90068000
15.977440,0.88007400,0.89055000,0.89500900,0.89690500,0.89786200,0.89892800,0.89952500,0.89983900,0.90008400
16.015040,0.83689200,0.84740900,0.85187500,0.85377200,0.85473100,0.85579700,0.85639500,0.85670800,0.85695300
16.052630,0.77439100,0.78494800,0.78942100,0.79132100,0.79228000,0.79334700,0.79394500,0.79425900,0.79450400
16.090230,0.73119600,0.74179400,0.74627400,0.74817600,0.74913600,0.75020300,0.75080100,0.75111500,0.75136000
16.127820,0.71276300,0.72340300,0.72788900,0.72979300,0.73075400,0.73182200,0.73242100,0.73273500,0.73298000
16.165410,0.71899800,0.72968000,0.73417300,0.73608000,0.73704100,0.73811000,0.73870900,0.73902300,0.73926800
16.203010,0.73656500,0.74728900,0.75179000,0.75369900,0.75466100,0.75573000,0.75633000,0.75664400,0.75688900
16.240600,0.73103500,0.74180200,0.74631000,0.74822100,0.74918400,0.75025400,0.75085300,0.75116800,0.75141300
16.278190,0.71283500,0.72364600,0.72816100,0.73007500,0.73103900,0.73210900,0.73270900,0.73302300,0.73326900
16.315790,0.70759300,0.71844900,0.72297100,0.72488700,0.72585100,0.72692200,0.72752200,0.72783700,0.72808300
16.353380,0.69344900,0.70435000,0.70888000,0.71079800,0.71176300,0.71283500,0.71343600,0.71375100,0.71399600
16.390980,0.64459200,0.65553900,0.66007600,0.66199700,0.66296300,0.66403500,0.66463600,0.66495100,0.66519700
16.428570,0.58293700,0.59393100,0.59847500,0.60039800,0.60136500,0.60243700,0.60303900,0.60335400,0.60360000
16.466160,0.54073000,0.55177200,0.55632300,0.55824900,0.55921600,0.56029000,0.56089100,0.56120600,0.56145300
16.503760,0.50184900,0.51293900,0.51749800,0.51942600,0.52039400,0.52146800,0.52207000,0.52238500,0.52263200
16.541350,0.46236500,0.47350300,0.47807000,0.48000000,0.48096900,0.48204400,0.48264600,0.48296200,0.48320800
16.578950,0.42749800,0.43868600,0.44326000,0.44519300,0.44616300,0.44723800,0.44784100,0.44815600,0.44840300
16.616540,0.40662300,0.41786300,0.42244400,0.42437900,0.42535000,0.42642600,0.42702900,0.42734500,0.42759100
16.654130,0.40770000,0.41899100,0.42358000,0.42551800,0.42649000,0.42756600,0.42816900,0.42848500,0.42873200
16.691730,0.43710800,0.44845100,0.45304800,0.45498800,0.45596100,0.45703800,0.45764100,0.45795700,0.45820400
16.729320,0.48531800,0.49671500,0.50132000,0.50326200,0.50423600,0.50531400,0.50591700,0.50623300,0.50648000
16.766920,0.53824200,0.54969400,0.55430600,0.55625100,0.55722500,0.55830400,0.55890800,0.55922400,0.55947100
16.804510,0.58918400,0.60069100,0.60531100,0.60725900,0.60823400,0.60931300,0.60991700,0.61023400,0.61048100
16.842100,0.63762600,0.64919000,0.65381800,0.65576800,0.65674400,0.65782400,0.65842800,0.65874500,0.65899200
16.879700,0.68161700,0.69324000,0.69787500,0.69982800,0.70080400,0.70188500,0.70249000,0.70280700,0.70305400
16.917290,0.71669100,0.72837200,0.73301600,0.73497100,0.73594800,0.73703000,0.73763500,0.73795200,0.73819900
16.954890,0.74691200,0.75865400,0.76330600,0.76526300,0.76624200,0.76732400,0.76792900,0.76824600,0.76849300
16.992480,0.78219000,0.79399400,0.79865300,0.80061300,0.80159300,0.80267500,0.80328100,0.80359800,0.80384600
17.030080,0.82422100,0.83608700,0.84075500,0.84271800,0.84369800,0.84478100,0.84538700,0.84570400,0.84595200
17.067670,0.86274100,0.87467200,0.87934800,0.88131300,0.88229400,0.88337800,0.88398400,0.88430200,0.88454900
17.105260,0.88506200,0.89705800,0.90174300,0.90371100,0.90469200,0.90577700,0.90638300,0.90670100,0.90694900
17.142850,0.87171300,0.88377700,0.88847000,0.89044000,0.89142300,0.89250800,0.89311500,0.89343300,0.89368100
17.180450,0.80990700,0.82204000,0.82674100,0.82871400,0.82969700,0.83078300,0.83139000,0.83170800,0.83195600
17.218040,0.74245900,0.75466300,0.75937200,0.76134800,0.76233200,0.76341900,0.76402600,0.76434400,0.76459200
17.255640,0.72307000,0.73534700,0.74006500,0.74204300,0.74302900,0.74411600,0.74472400,0.74504200,0.74529000
17.293230,0.75028100,0.76263300,0.76735900,0.76934000,0.77032600,0.77141400,0.77202200,0.77234100,0.77258900
17.330830,0.79628400,0.80871300,0.81344800,0.81543200,0.81641900,0.81750700,0.81811600,0.81843400,0.81868300
17.368420,0.83580700,0.84831600,0.85305900,0.85504500,0.85603300,0.85712300,0.85773100,0.85805000,0.85829800
17.406010,0.85312700,0.86571700,0.87046900,0.87245800,0.87344700,0.87453700,0.87514600,0.87546500,0.87571300
17.443610,0.82601900,0.83869300,0.84345400,0.84544600,0.84643500,0.84752600,0.84813500,0.84845400,0.84870300
17.481200,0.72929300,0.74205500,0.74682500,0.74881900,0.74981000,0.75090100,0.75151100,0.75183000,0.75207900
17.518800,0.61724000,0.63009200,0.63487000,0.63686800,0.63785900,0.63895100,0.63956100,0.63988000,0.64012900
17.556390,0.57167600,0.58462200,0.58940900,0.59140900,0.59240200,0.59349400,0.59410500,0.59442400,0.59467300
17.593980,0.59657500,0.60961800,0.61441400,0.61641700,0.61741000,0.61850400,0.61911500,0.61943400,0.61968300
17.631580,0.65671600,0.66986100,0.67466600,0.67667200,0.67766600,0.67876000,0.67937100,0.67969100,0.67994000
17.669170,0.72390600,0.73715700,0.74197200,0.74398000,0.74497500,0.74607000,0.74668200,0.74700100,0.74725100
17.706770,0.77782500,0.79118900,0.79601200,0.79802300,0.79901900,0.80011500,0.80072700,0.80104700,0.80129600
17.744360,0.79652600,0.81000700,0.81484000,0.81685400,0.81785100,0.81894700,0.81955900,0.81987900,0.82012900
17.781950,0.77962300,0.79322800,0.79807000,0.80008700,0.80108500,0.80218200,0.80279400,0.80311400,0.80336400
17.819550,0.76059500,0.77433200,0.77918300,0.78120300,0.78220200,0.78329900,0.78391200,0.78423200,0.78448200
17.857140,0.73641700,0.75029500,0.75515600,0.75717800,0.75817800,0.75927600,0.75988900,0.76021000,0.76046000
17.894740,0.67163800,0.68566800,0.69053800,0.69256400,0.69356400,0.69466400,0.69527700,0.69559800,0.69584800
17.932330,0.56656100,0.58075600,0.58563500,0.58766400,0.58866500,0.58976500,0.59037900,0.59070000,0.59095000
17.969920,0.46773000,0.48210400,0.48699300,0.48902500,0.49002700,0.49112800,0.49174200,0.49206300,0.49231300
18.007520,0.40551500,0.42008500,0.42498400,0.42701900,0.42802200,0.42912300,0.42973800,0.43005900,0.43030900
18.045110,0.38252000,0.39730700,0.40221500,0.40425300,0.40525700,0.40635900,0.40697400,0.40729500,0.40754600
18.082710,0.37680500,0.39182300,0.39674200,0.39878200,0.39978700,0.40089000,0.40150500,0.40182700,0.40207700
18.120300,0.38355500,0.39880400,0.40373200,0.40577500,0.40678200,0.40788500,0.40850100,0.40882200,0.40907300
18.157890,0.40838300,0.42380400,0.42874200,0.43078800,0.43179500,0.43289900,0.43351500,0.43383700,0.43408800
18.195490,0.43476600,0.45014800,0.45509600,0.45714600,0.45815400,0.45925900,0.45987500,0.46019700,0.46044800
18.233080,0.44544600,0.46036700,0.46532600,0.46737800,0.46838700,0.46949300,0.47010900,0.47043200,0.47068200
18.270680,0.45270600,0.46687800,0.47184600,0.47390100,0.47491200,0.47601800,0.47663500,0.47695700,0.47720800
18.308270,0.47596300,0.48967700,0.49465500,0.49671400,0.49772500,0.49883200,0.49944900,0.49977200,0.50002300
18.345860,0.51166100,0.52535800,0.53034700,0.53240800,0.53342000,0.53452800,0.53514600,0.53546800,0.53572000
18.383460,0.54974100,0.56365200,0.56865200,0.57071600,0.57172900,0.57283800,0.57345600,0.57377900,0.57403000
18.421050,0.58274100,0.59694300,0.60195300,0.60402100,0.60503500,0.60614500,0.60676300,0.60708600,0.60733700
18.458640,0.60600800,0.62052000,0.62554100,0.62761200,0.62862700,0.62973700,0.63035500,0.63067900,0.63093000
18.496240,0.61874000,0.63356500,0.63859600,0.64067000,0.64168700,0.64279800,0.64341600,0.64374000,0.64399100
18.533830,0.62379800,0.63893900,0.64398000,0.64605800,0.64707500,0.64818600,0.64880600,0.64912900,0.64938100
18.571430,0.62710400,0.64256500,0.64761700,0.64969800,0.65071600,0.65182800,0.65244800,0.65277100,0.65302300
18.609020,0.63205100,0.64784200,0.65290600,0.65498900,0.65600800,0.65712200,0.65774200,0.65806600,0.65831700
18.646610,0.63865100,0.65479100,0.65986600,0.66195200,0.66297300,0.66408700,0.66470700,0.66503100,0.66528300
18.684210,0.64871700,0.66523000,0.67031600,0.67240600,0.67342700,0.67454200,0.67516200,0.67548600,0.67573900
18.721800,0.66216800,0.67908600,0.68418300,0.68627600,0.68729800,0.68841400,0.68903500,0.68935900,0.68961100
18.759400,0.67607100,0.69343500,0.69854300,0.70063900,0.70166300,0.70277900,0.70340000,0.70372500,0.70397700
18.796990,0.69370800,0.71157000,0.71668900,0.71878800,0.71981300,0.72093000,0.72155200,0.72187600,0.72212900
18.834590,0.71699900,0.73542100,0.74055100,0.74265500,0.74368000,0.74479800,0.74542000,0.74574500,0.74599700
18.872180,0.73485300,0.75390200,0.75904400,0.76115100,0.76217700,0.76329600,0.76391800,0.76424300,0.76449600
18.909770,0.72792900,0.74766300,0.75281600,0.75492600,0.75595400,0.75707300,0.75769600,0.75802100,0.75827400
18.947370,0.69111400,0.71151300,0.71667800,0.71879100,0.71981900,0.72094000,0.72156300,0.72188800,0.72214100
18.984960,0.65644800,0.67723600,0.68241200,0.68452900,0.68555800,0.68667900,0.68730300,0.68762800,0.68788100
19.022560,0.65277700,0.67300900,0.67819700,0.68031700,0.68134800,0.68247000,0.68309400,0.68341900,0.68367300
19.060150,0.66900900,0.68680300,0.69200300,0.69412600,0.69515800,0.69628000,0.69690500,0.69723100,0.69748400
19.097740,0.68009900,0.69418800,0.69940000,0.70152700,0.70255900,0.70368300,0.70430800,0.70463400,0.70488700
19.135340,0.66488900,0.67654000,0.68176500,0.68389500,0.68492900,0.68605300,0.68667800,0.68700400,0.68725800
19.172930,0.62903300,0.64016500,0.64540100,0.64753500,0.64857000,0.64969500,0.65032100,0.65064700,0.65090000
19.210530,0.60854100,0.62013600,0.62538400,0.62752200,0.62855800,0.62968300,0.63030900,0.63063600,0.63088900
19.248120,0.61797700,0.63034500,0.63560600,0.63774700,0.63878400,0.63991100,0.64053700,0.64086300,0.64111700
19.285710,0.64488700,0.65808300,0.66335700,0.66550100,0.66653900,0.66766700,0.66829300,0.66862000,0.66887400
19.323310,0.67669300,0.69069800,0.69598400,0.69813200,0.69917100,0.70030000,0.70092600,0.70125400,0.70150800
19.360900,0.70618500,0.72097300,0.72627200,0.72842300,0.72946300,0.73059200,0.73122000,0.73154700,0.73180100
19.398490,0.72654000,0.74209600,0.74740800,0.74956300,0.75060500,0.75173500,0.75236200,0.75269000,0.75294400
19.436090,0.73457900,0.75090800,0.75623300,0.75839200,0.75943400,0.76056500,0.76119300,0.76152100,0.76177500
19.473680,0.73729600,0.75442000,0.75975700,0.76192000,0.76296300,0.76409500,0.76472300,0.76505100,0.76530600
19.511280,0.73620200,0.75414900,0.75950000,0.76166600,0.76271100,0.76384300,0.76447200,0.76480000,0.76505500
19.548870,0.72201600,0.74079400,0.74615800,0.74832800,0.74937400,0.75050700,0.75113600,0.75146400,0.75171900
19.586470,0.69606100,0.71556900,0.72094600,0.72312000,0.72416700,0.72530100,0.72593000,0.72625900,0.72651400
19.624060,0.67592300,0.69572900,0.70112000,0.70329700,0.70434500,0.70548100,0.70611000,0.70643900,0.70669400
19.661650,0.66463800,0.68366100,0.68906600,0.69124600,0.69229600,0.69343100,0.69406200,0.69439000,0.69464600
19.699250,0.66151300,0.67846100,0.68387900,0.68606400,0.68711400,0.68825100,0.68888200,0.68921000,0.68946600
19.736840,0.66935800,0.68430300,0.68973500,0.69192400,0.69297500,0.69411300,0.69474400,0.69507300,0.69532800
19.774440,0.67871000,0.69271700,0.69816300,0.70035500,0.70140800,0.70254600,0.70317800,0.70350700,0.70376300
19.812030,0.68129100,0.69517600,0.70063600,0.70283200,0.70388600,0.70502500,0.70565700,0.70598700,0.70624200
19.849620,0.68186700,0.69625700,0.70173200,0.70393200,0.70498700,0.70612700,0.70675900,0.70708800,0.70734400
19.887220,0.68192000,0.69721300,0.70270200,0.70490600,0.70596200,0.70710300,0.70773500,0.70806500,0.70832100
19.924810,0.68499500,0.70136700,0.70687100,0.70907900,0.71013600,0.71127800,0.71191100,0.71224100,0.71249700
19.962400,0.70040000,0.71793100,0.72344900,0.72566100,0.72671900,0.72786200,0.72849500,0.72882600,0.72908200
20.000000,0.72606600,0.74480800,0.75034200,0.75255700,0.75361700,0.75476000,0.75539400,0.75572400,0.75598100
