E[1] [eV],Im(eps)_nk_20,Im(eps)_nk_22,Im(eps)_nk_24,Im(eps)_nk_26,Im(eps)_nk_28,Im(eps)_nk_30,Im(eps)_nk_32,Im(eps)_nk_34,Im(eps)_nk_36,Im(eps)_nk_38,Im(eps)_nk_40
5.000000,1.62070300,0.90941000,0.93834200,1.05758100,1.38823600,1.31413700,1.07984100,1.02225500,1.14947300,1.26041000,1.23913700
5.037593,1.86288600,1.11788000,0.89302400,1.02087200,1.27915100,1.44737400,1.21965900,1.06298500,1.08220700,1.22649700,1.31050100
5.075188,1.81631600,1.44808500,0.92870600,1.00247300,1.13847200,1.44904200,1.41241100,1.16039700,1.06920300,1.16372500,1.29689600
5.112782,1.57024500,1.81190300,1.07800800,0.97084200,1.06581500,1.34525400,1.52958900,1.33165500,1.13317200,1.11403300,1.23868100
5.150376,1.37101900,1.99510300,1.36236700,0.98913400,1.04610400,1.20579300,1.50321300,1.52975500,1.26854000,1.13459900,1.17801900
5.187970,1.29465400,1.88569400,1.75467300,1.11610800,1.03347600,1.12279300,1.38293800,1.61097600,1.47755400,1.23770400,1.16437200
5.225564,1.23891800,1.63179000,2.06879400,1.38468400,1.06770200,1.09774300,1.24986900,1.53883600,1.65882100,1.42652600,1.23636500
5.263157,1.10772900,1.44345300,2.07162200,1.78567200,1.21442600,1.10203700,1.17820400,1.39692500,1.66802300,1.65776700,1.40176800
5.300752,0.96770900,1.33386000,1.83270200,2.14881500,1.51133100,1.17995300,1.16277300,1.28336400,1.53907000,1.76099800,1.64450000
5.338346,0.89726600,1.20901500,1.59622600,2.18539300,1.93019800,1.39118800,1.20934900,1.24016100,1.39989300,1.66748900,1.81816300
5.375940,0.91456600,1.08728200,1.42771400,1.94275500,2.25536900,1.75029200,1.37405700,1.27068300,1.33142500,1.51634300,1.77493000
5.413534,1.02630100,1.04412500,1.28370300,1.68463200,2.22532100,2.14428500,1.68368100,1.41768400,1.35429800,1.43223800,1.62706400
5.451128,1.25378700,1.11197900,1.20586400,1.48857900,1.96399100,2.31513200,2.05472400,1.70188800,1.50319800,1.45891000,1.54159600
5.488721,1.62918300,1.31013700,1.25148100,1.38553100,1.71334100,2.18132800,2.28395600,2.03181300,1.77571500,1.62298000,1.58710000
5.526316,2.13630300,1.65645700,1.44658400,1.42993700,1.58963300,1.94385100,2.27915500,2.24268300,2.05609300,1.88110500,1.76900100
5.563910,2.58978500,2.09820100,1.78422200,1.63959400,1.64828700,1.82565800,2.14904700,2.30737900,2.22998800,2.10468000,1.99490700
5.601503,2.78265900,2.43169800,2.14688100,1.95296400,1.86502700,1.90055800,2.08574300,2.31551700,2.34226100,2.25788100,2.17046900
5.639097,2.81646800,2.55752800,2.35474200,2.20048300,2.10076000,2.07286500,2.14536400,2.32500000,2.44752000,2.40717100,2.32387200
5.676692,2.79559400,2.60997200,2.44300300,2.31761900,2.23142400,2.18976100,2.20888000,2.31340100,2.46878200,2.51441400,2.45288600
5.714285,2.74263500,2.61716100,2.47447800,2.35584300,2.26549500,2.20847100,2.19386600,2.23843200,2.35410000,2.47015900,2.47353600
5.751880,2.69696200,2.62199900,2.43552500,2.28865500,2.18034000,2.10955200,2.07766700,2.09039900,2.15915900,2.27745600,2.36032800
5.789474,2.53865600,2.57416600,2.32372100,2.13817100,2.02620200,1.96680500,1.94482600,1.95266100,1.99213400,2.07072100,2.17082200
5.827067,2.15592400,2.31240100,2.15241800,2.00426000,1.92885700,1.89588500,1.87838600,1.86527600,1.86160600,1.88236600,1.94018900
5.864661,1.68881200,1.92928500,1.98564300,1.93131300,1.89735200,1.85929300,1.80419000,1.74542500,1.70398300,1.69650200,1.73152400
5.902255,1.33239600,1.60393400,1.89240600,1.93445400,1.88094800,1.78327000,1.68031000,1.60472300,1.57154100,1.57652900,1.60741600
5.939849,1.13309600,1.42931400,1.84025200,1.95257600,1.82935900,1.67581900,1.56529500,1.51616000,1.50886500,1.51436900,1.51950000
5.977444,1.07337300,1.40660100,1.72962700,1.83816000,1.71167500,1.56472100,1.49472300,1.47847000,1.46916700,1.45133500,1.42894000
6.015037,1.13446800,1.43225700,1.53300400,1.58817000,1.54817100,1.48937000,1.47403400,1.45766200,1.42768300,1.38754500,1.34662700
6.052631,1.26807000,1.36713700,1.31733600,1.30642200,1.40107700,1.47833100,1.47921500,1.44098500,1.38552400,1.31984700,1.28076200
6.090225,1.33584300,1.23648900,1.11182800,1.10308300,1.28937600,1.44511500,1.45708400,1.40733100,1.31908200,1.26172800,1.23597500
6.127820,1.25322300,1.10173700,0.94781700,1.01657000,1.20463900,1.32846500,1.39277400,1.33376700,1.26730400,1.23232800,1.21733700
6.165413,1.13712500,0.95073700,0.86649200,1.01167300,1.10689400,1.20576100,1.26196300,1.25127300,1.23637300,1.21587200,1.22002600
6.203007,1.04927200,0.82516800,0.87182300,0.99796500,1.02565600,1.10248100,1.10405500,1.15301000,1.17790900,1.21087800,1.20968800
6.240601,0.93501800,0.77217600,0.92168600,0.93406300,0.99723700,0.98941900,0.98993200,1.02752700,1.10875700,1.18855800,1.16010900
6.278195,0.80886300,0.79786600,0.92150200,0.89030900,0.96628500,0.90204600,0.89925800,0.92907400,1.05485500,1.10008000,1.06283400
6.315789,0.73396000,0.86959300,0.84798900,0.90640100,0.89585900,0.84762200,0.81514500,0.90219100,0.99589400,0.96705100,0.94481600
6.353383,0.73211800,0.89599800,0.79052300,0.92792700,0.83837200,0.78027700,0.77923900,0.91500100,0.90997300,0.83773900,0.86901300
6.390977,0.79811900,0.82050500,0.80503300,0.89205200,0.79759600,0.71192400,0.80929000,0.90135900,0.80213200,0.75936100,0.85486800
6.428571,0.87897000,0.72380300,0.87882900,0.84134400,0.72754200,0.69237200,0.86616000,0.83248400,0.70923200,0.75182300,0.85591100
6.466165,0.86516900,0.68437100,0.93248500,0.80012400,0.65204900,0.73962500,0.88037100,0.72803700,0.67270000,0.78801000,0.81879700
6.503759,0.75174600,0.72448800,0.91393400,0.72463300,0.62200400,0.82879000,0.81703000,0.64660000,0.69983400,0.80451200,0.73976700
6.541353,0.64472700,0.83970300,0.86649500,0.63290000,0.65636500,0.88506600,0.70685300,0.62453400,0.75505700,0.76958000,0.67078700
6.578947,0.59821400,0.97604200,0.78772200,0.57825300,0.75295600,0.84738600,0.62260800,0.66122300,0.77317500,0.70363300,0.65092400
6.616541,0.62110900,1.02977700,0.67668800,0.58108800,0.86415300,0.74040000,0.59746400,0.72247900,0.74660600,0.65006800,0.66476900
6.654135,0.71924400,0.97057800,0.58964000,0.64489900,0.89213600,0.64434500,0.62582200,0.74780300,0.70497600,0.63605700,0.67080200
6.691729,0.89544900,0.83607000,0.55814300,0.75508500,0.82542300,0.60352000,0.67808000,0.73485500,0.66319300,0.64460700,0.66802500
6.729323,1.09875800,0.70000400,0.58389800,0.85546600,0.73652100,0.61020300,0.71690800,0.72647400,0.63766200,0.65376700,0.68304500
6.766917,1.16830600,0.62155600,0.64583500,0.88537600,0.67354400,0.63114600,0.72947600,0.70769100,0.62978500,0.65802000,0.69508800
6.804511,1.03381100,0.60352400,0.69783700,0.85486500,0.63743500,0.65497400,0.73102800,0.66077400,0.64114000,0.66444600,0.67519900
6.842104,0.84434800,0.59866700,0.72868300,0.79787500,0.59478600,0.68506100,0.72163400,0.61337900,0.63902500,0.66865500,0.63771500
6.879699,0.68243400,0.54774400,0.75805700,0.69008400,0.54305500,0.67342100,0.66366900,0.57747100,0.59724000,0.64360700,0.58614200
6.917293,0.53877700,0.47059200,0.75133700,0.55085700,0.50267300,0.60969200,0.56402100,0.54251800,0.55255000,0.58135800,0.51832400
6.954887,0.42222200,0.41832200,0.68295700,0.43776600,0.49115500,0.55622900,0.47888400,0.49692400,0.53349900,0.51576200,0.46227600
6.992481,0.34036700,0.40888800,0.59809700,0.36804500,0.49647300,0.52708000,0.43603800,0.44690100,0.51987300,0.46003300,0.44311300
7.030074,0.28642700,0.44387000,0.51506400,0.33556700,0.47884400,0.48279200,0.42518200,0.42213600,0.49086500,0.40979100,0.45743100
7.067669,0.25318900,0.51178200,0.42379700,0.33340600,0.44237000,0.42269100,0.41257900,0.43275800,0.45410600,0.37983900,0.47912400
7.105263,0.23626800,0.56269800,0.34457400,0.35807400,0.42739700,0.38196900,0.38008000,0.45784600,0.41208200,0.38167100,0.48133400
7.142857,0.23388600,0.54372000,0.29251400,0.39724800,0.43944300,0.37180800,0.35307800,0.46542600,0.36743200,0.41178900,0.45024000
7.180451,0.24714200,0.49016700,0.26561900,0.41215300,0.44052000,0.37609800,0.35447900,0.44948800,0.33947100,0.44644100,0.39964400
7.218045,0.28023300,0.44743600,0.25862300,0.38503000,0.40557200,0.36275000,0.38646800,0.41221800,0.33980600,0.45558300,0.36514800
7.255639,0.33932700,0.40035600,0.27078900,0.35609900,0.36719500,0.32858700,0.43067600,0.36223600,0.36906700,0.43611100,0.36169600
7.293232,0.42394400,0.33638500,0.30477000,0.35645700,0.35291700,0.30339100,0.45594300,0.32398400,0.41221400,0.40035800,0.37861000
7.330826,0.49927600,0.27976900,0.35189600,0.38625300,0.35636600,0.30415700,0.44718400,0.31172200,0.43356600,0.36944300,0.39338300
7.368421,0.49993900,0.24396200,0.37456000,0.41578700,0.34680400,0.33469500,0.40133000,0.32751800,0.42501900,0.35975400,0.39736800
7.406014,0.43980300,0.22639200,0.34804000,0.40659100,0.31174900,0.39127000,0.34611700,0.36428700,0.41380200,0.36396300,0.40368200
7.443608,0.39020300,0.22486700,0.30871700,0.37686400,0.27829500,0.44689300,0.31244400,0.39979800,0.40003100,0.37521400,0.41703800
7.481203,0.37273600,0.24206000,0.29051900,0.36211900,0.26566000,0.46012400,0.30731700,0.41142800,0.37972000,0.38801800,0.41785100
7.518797,0.35775300,0.28029500,0.30220300,0.35739300,0.27784900,0.42458600,0.32493600,0.40902400,0.35913100,0.38255100,0.39063500
7.556391,0.31603600,0.32924600,0.34418600,0.33227600,0.31739200,0.37177700,0.34764600,0.41421500,0.34681000,0.36077800,0.34755700
7.593984,0.26648500,0.34985600,0.40043700,0.28956600,0.38145400,0.33619100,0.36589000,0.40762200,0.33859000,0.34254800,0.31084800
7.631578,0.23077400,0.31854300,0.42961800,0.25815400,0.43936500,0.32650700,0.38450600,0.36420600,0.32170400,0.33098600,0.27928700
7.669173,0.21171100,0.27260300,0.42090200,0.25006800,0.44864700,0.32553800,0.38241700,0.30668700,0.29280200,0.31384800,0.25079500
7.706767,0.21005600,0.24406300,0.40076800,0.26541800,0.42457500,0.31304500,0.35052400,0.26551600,0.26696200,0.29147200,0.23699500
7.744360,0.22841000,0.23909500,0.36381900,0.29973600,0.39837900,0.29198100,0.32018700,0.24947600,0.25899700,0.27021700,0.24377900
7.781955,0.26810600,0.25943600,0.31154700,0.33680400,0.35978700,0.27599300,0.30029500,0.24954000,0.26812700,0.24579400,0.26637500
7.819549,0.31659200,0.30944300,0.27299400,0.36085800,0.30270700,0.27384100,0.27163700,0.24474800,0.27933400,0.22060600,0.28852300
7.857142,0.33268500,0.39040000,0.26143600,0.37906100,0.24795800,0.27253000,0.23603600,0.22746600,0.27882100,0.20799400,0.29403400
7.894736,0.29708900,0.47677000,0.27030500,0.37873200,0.21032200,0.25591900,0.21262100,0.21362700,0.26743200,0.21417600,0.28141700
7.932330,0.24955300,0.50120500,0.27397000,0.34425600,0.18853600,0.23809900,0.20829300,0.21436000,0.24499300,0.23755500,0.25749600
7.969924,0.22014600,0.44089100,0.25008200,0.30172000,0.17998900,0.23493300,0.21646200,0.23159600,0.21587300,0.26619500,0.23785600
8.007519,0.21335500,0.35998800,0.21673300,0.26533800,0.18570900,0.24077500,0.21814700,0.25631400,0.19510400,0.27784000,0.23271800
8.045113,0.22834700,0.29899000,0.19723100,0.22720000,0.20383900,0.23365700,0.20343200,0.27115900,0.19146700,0.27229300,0.23627500
8.082706,0.26548400,0.24839400,0.19813900,0.19186300,0.21993500,0.21147400,0.18755700,0.26776300,0.20567700,0.26545600,0.24403600
8.120299,0.31553200,0.20147600,0.21881300,0.16661200,0.21467000,0.19565200,0.18265500,0.24250100,0.23201300,0.25579800,0.25281200
8.157894,0.34939500,0.16562900,0.24861200,0.15157400,0.19734000,0.19618500,0.19252200,0.20941100,0.25496900,0.24271900,0.25055400
8.195488,0.35915900,0.14245400,0.25946900,0.14356000,0.18848800,0.20490100,0.21895500,0.18833500,0.26193200,0.23022100,0.23849300
8.233082,0.36931300,0.12795000,0.24189200,0.14323300,0.19557500,0.20158600,0.25303600,0.18572300,0.26141500,0.22276800,0.22867100
8.270677,0.36577800,0.11818800,0.22226700,0.15375200,0.21251700,0.18361200,0.27102800,0.19857700,0.26452400,0.21659400,0.22255700
8.308270,0.31547000,0.11308400,0.21032800,0.17469700,0.21864800,0.16864500,0.25997600,0.21623100,0.25737400,0.20506800,0.21207600
8.345864,0.24339300,0.11405900,0.19288400,0.19387800,0.20716100,0.16501700,0.23166700,0.23088500,0.22819100,0.18786400,0.19807300
8.383458,0.18480100,0.12236400,0.16864900,0.19137400,0.19816600,0.17362700,0.20654400,0.24335700,0.19303900,0.17505300,0.18439000
8.421052,0.14578100,0.14026600,0.14834600,0.17293400,0.20028200,0.19707600,0.19615700,0.24169000,0.16932500,0.17451300,0.16779500
8.458646,0.12137100,0.17005300,0.13626100,0.15862600,0.19927700,0.23189000,0.19489700,0.22219600,0.16072400,0.18345800,0.15119200
8.496240,0.10672600,0.20542800,0.13018800,0.15671800,0.18426600,0.25753600,0.19019600,0.20378900,0.16046000,0.19104300,0.14364200
8.533834,0.09871300,0.22159000,0.13008800,0.16985500,0.16680800,0.25752500,0.18181900,0.19153800,0.15615700,0.19032000,0.14893500
8.571428,0.09501000,0.20625200,0.13971900,0.19603600,0.15940600,0.24585600,0.17631000,0.17486800,0.14681700,0.18238800,0.16600800
8.609021,0.09273000,0.18520200,0.15989600,0.22051600,0.16577700,0.23046400,0.17763100,0.15451800,0.14344600,0.16676700,0.18556700
8.646616,0.08965100,0.17736800,0.18007100,0.22701500,0.18244800,0.20149300,0.17951000,0.14163900,0.15146800,0.14896000,0.19329300
8.684210,0.08732100,0.17814900,0.17989600,0.22223300,0.20026700,0.16610100,0.17227900,0.14011400,0.16845000,0.13888000,0.19305400
8.721804,0.08863100,0.17201100,0.16200400,0.20889200,0.21081200,0.13901900,0.16234400,0.14470100,0.18522300,0.14044100,0.19341700
8.759398,0.09548500,0.15738400,0.14660100,0.18756900,0.21784800,0.12374500,0.15914800,0.14330000,0.19165400,0.15273100,0.18984700
8.796992,0.10946500,0.14454800,0.14067100,0.17257400,0.21869900,0.11875700,0.16082800,0.13375600,0.18435000,0.16973300,0.18106400
8.834586,0.13208200,0.13832700,0.14417800,0.17064400,0.20362000,0.12327300,0.15723400,0.12725700,0.16578800,0.18141800,0.17185400
8.872180,0.16355200,0.13801400,0.15984100,0.17534100,0.18153600,0.13629100,0.14533200,0.13077300,0.14801300,0.18520300,0.16484700
8.909773,0.19448300,0.14317400,0.19092600,0.17304300,0.16243800,0.15054600,0.13627200,0.14573600,0.13976100,0.18823300,0.15757900
8.947368,0.19948700,0.15664100,0.23219000,0.15862300,0.14159700,0.15250500,0.13581800,0.16906500,0.14227300,0.18983800,0.14683100
8.984962,0.17558700,0.17309600,0.25497100,0.14170900,0.12044400,0.14267700,0.13773700,0.18866700,0.15027500,0.17879400,0.13401700
9.022555,0.15033800,0.17376800,0.23615500,0.13044100,0.10510400,0.13552500,0.13174700,0.19007900,0.15818400,0.15673600,0.12722000
9.060150,0.13904400,0.15609700,0.20042600,0.12937000,0.09674700,0.13716500,0.12099500,0.17689600,0.16615000,0.13728000,0.12996800
9.097744,0.14242900,0.13883300,0.16977300,0.13855500,0.09494100,0.14474700,0.11554300,0.16204400,0.16689900,0.12741100,0.13788900
9.135338,0.15317500,0.13207400,0.14310200,0.15037800,0.09975100,0.14970500,0.11934800,0.15262900,0.15521500,0.12530800,0.14317400
9.172933,0.15703900,0.13745700,0.12118000,0.15056100,0.11183100,0.14570600,0.13309800,0.14642700,0.14352400,0.12281000,0.14217300
9.210526,0.15132500,0.15293100,0.10735000,0.14041900,0.12862100,0.14043800,0.15539900,0.13760300,0.13895900,0.11595000,0.13411300
9.248120,0.14858800,0.17032900,0.10048000,0.13293600,0.13877000,0.13763200,0.17668200,0.12722500,0.13483300,0.11092200,0.12396000
9.285713,0.15572300,0.17637600,0.09646200,0.12698400,0.13417300,0.13053800,0.18419100,0.12060700,0.12677300,0.11296900,0.11821400
9.323307,0.17259500,0.17128200,0.09428600,0.11534200,0.12396000,0.11972300,0.17878800,0.12078500,0.11976700,0.12205300,0.11913600
9.360902,0.18958400,0.16990300,0.09566600,0.10193300,0.11999700,0.11254200,0.16710600,0.12275900,0.11680900,0.13275900,0.12584700
9.398496,0.18764200,0.17050900,0.09929500,0.09208300,0.12619400,0.11248700,0.14789600,0.11921000,0.11531100,0.13697300,0.13397400
9.436090,0.16564300,0.15588500,0.10495100,0.08723500,0.13930000,0.12026400,0.12636200,0.11362800,0.11062400,0.13083600,0.13985900
9.473684,0.14394700,0.12805500,0.11595000,0.08883700,0.15149100,0.13108900,0.10895500,0.11283900,0.10422600,0.12009600,0.14302900
9.511277,0.13177300,0.10316900,0.13009200,0.09758300,0.15422200,0.13869000,0.09729200,0.11615700,0.10060100,0.11529100,0.14301300
9.548872,0.12291500,0.08693300,0.13508600,0.11046200,0.14698800,0.14447500,0.09173000,0.11694000,0.10342100,0.11926900,0.13610500
9.586466,0.10971800,0.07794400,0.12583700,0.11739900,0.13317200,0.14806600,0.09220400,0.11510200,0.11425000,0.12644400,0.12141600
9.624060,0.09621500,0.07382600,0.11543200,0.11321800,0.12105200,0.14462100,0.09747800,0.11470900,0.12780500,0.13106100,0.10658100
9.661654,0.08862100,0.07247400,0.11263300,0.10793900,0.11732500,0.13484200,0.10163900,0.11361400,0.13312300,0.13298800,0.09877000
9.699247,0.08766300,0.07267600,0.11284100,0.10882300,0.11905700,0.12207800,0.09969500,0.10778000,0.12936100,0.12902600,0.09760900
9.736841,0.09051900,0.07565600,0.10663100,0.11529200,0.11603200,0.10782500,0.09614300,0.10138200,0.12359700,0.11925600,0.09743900
9.774436,0.09493900,0.08201200,0.09541000,0.12825200,0.10527000,0.09640900,0.09645200,0.10057000,0.11884300,0.11131700,0.09584700
9.812029,0.10370700,0.08987200,0.08735400,0.14969600,0.09460600,0.08980800,0.10198200,0.10540700,0.11359800,0.10634900,0.09738800
9.849624,0.11880300,0.09926800,0.08657500,0.16999500,0.08953600,0.08553300,0.10833200,0.11379500,0.10789700,0.09957000,0.10408800
9.887218,0.13303200,0.11118900,0.09330700,0.16976000,0.09152300,0.08348000,0.11124200,0.12271200,0.10486200,0.09221900,0.11283600
9.924811,0.13090300,0.12241400,0.10356300,0.14994400,0.09866000,0.08583000,0.11370500,0.12676500,0.10541300,0.08918800,0.11823900
9.962406,0.11091800,0.12854400,0.10730900,0.12553800,0.10386100,0.09033800,0.11488000,0.12452100,0.10559900,0.08983500,0.11524800
9.999999,0.08915800,0.12258300,0.10144800,0.10296100,0.10251400,0.09079300,0.11242700,0.11719500,0.10151500,0.08947100,0.10638700
10.037590,0.07405500,0.10823700,0.09583300,0.08612800,0.10026800,0.08821200,0.10874400,0.10520200,0.09693800,0.08822500,0.10014100
10.075190,0.06541400,0.09771300,0.09749900,0.07615600,0.09996500,0.08930500,0.10692700,0.09273800,0.09727200,0.08970100,0.09950500
10.112780,0.06087700,0.09535600,0.10696400,0.07177800,0.09761800,0.09620800,0.10905300,0.08356500,0.09989500,0.09591100,0.10051500
10.150380,0.05795800,0.09897500,0.11898800,0.07166900,0.09233700,0.10664400,0.11214500,0.07917700,0.09824300,0.10670300,0.10078700
10.187970,0.05601500,0.10274600,0.12528100,0.07373200,0.08906600,0.11592500,0.11285600,0.08039500,0.09388300,0.11577900,0.10023000
10.225560,0.05610300,0.10493500,0.12754600,0.07543000,0.09175600,0.11707500,0.10992100,0.08645400,0.09027800,0.11680000,0.09692800
10.263160,0.05907800,0.10994900,0.13077700,0.07820400,0.09842700,0.10925800,0.10270000,0.09356600,0.08559400,0.11252000,0.09299400
10.300750,0.06576700,0.11690200,0.12982600,0.08383200,0.10220500,0.10049400,0.09298400,0.09769800,0.08183500,0.10616300,0.09157000
10.338350,0.07752500,0.11874800,0.12027800,0.08772800,0.09855900,0.09671100,0.08448200,0.09958200,0.08328600,0.09910200,0.09088300
10.375940,0.09576300,0.11227200,0.10633500,0.08543800,0.09226200,0.09575800,0.07797200,0.10124300,0.09043700,0.09391600,0.08996700
10.413530,0.11831400,0.10394300,0.09167900,0.08210400,0.09004900,0.09461600,0.07499900,0.10269400,0.09925900,0.09192200,0.09106400
10.451130,0.13435300,0.09571100,0.07917800,0.08207300,0.09370500,0.09446900,0.07676600,0.10232700,0.10468400,0.09023000,0.09266300
10.488720,0.13636300,0.08475800,0.07031200,0.08357000,0.10297500,0.09466100,0.08136400,0.10017200,0.10511900,0.08638500,0.09226300
10.526310,0.13104400,0.07431700,0.06530700,0.08625800,0.11265400,0.09533200,0.08531500,0.09538300,0.10161400,0.08310500,0.09200700
10.563910,0.12374800,0.06830800,0.06428700,0.09301500,0.11374400,0.09750700,0.08647700,0.09018100,0.09768400,0.08298600,0.09431100
10.601500,0.11982300,0.06753500,0.06750100,0.10429500,0.10463700,0.09828600,0.08586600,0.08871800,0.09582900,0.08393400,0.09824600
10.639100,0.12323700,0.07193100,0.07505700,0.11514700,0.09138600,0.09588900,0.08754200,0.08966200,0.09489700,0.08469200,0.10054100
10.676690,0.12845400,0.08096000,0.08604800,0.11789600,0.08019000,0.09104800,0.09435500,0.09009200,0.09393100,0.08575800,0.10069900
10.714280,0.12520800,0.09076400,0.09572900,0.11573600,0.07317600,0.08663200,0.10453300,0.09048100,0.09365700,0.08694700,0.09819600
10.751880,0.11335700,0.09369400,0.09822900,0.11651000,0.07094600,0.08558800,0.11194700,0.09115600,0.09466700,0.09120900,0.09339800
10.789470,0.10053500,0.09026800,0.09668500,0.11724800,0.07364300,0.08870900,0.11390700,0.09192900,0.09733500,0.10019100,0.08994400
10.827070,0.09076800,0.08873000,0.09748500,0.11274700,0.08064700,0.09373800,0.11156400,0.09228800,0.09940900,0.11019900,0.08940400
10.864660,0.08684000,0.09344800,0.10131600,0.10726100,0.08983400,0.09778500,0.10704100,0.09260300,0.09847300,0.11549900,0.09086800
10.902250,0.08963500,0.10351900,0.10597600,0.10192600,0.09814800,0.10193900,0.10416100,0.09433500,0.09581200,0.11388200,0.09388900
10.939850,0.09575900,0.11521200,0.10836200,0.09544800,0.10645100,0.10626900,0.10409200,0.09815900,0.09483900,0.10887000,0.09708700
10.977440,0.09912700,0.12562500,0.10588800,0.08977400,0.11564300,0.10616700,0.10318300,0.10445100,0.09639600,0.10521000,0.09955400
11.015040,0.09955300,0.13031400,0.09929100,0.08733000,0.12271000,0.10087900,0.10025800,0.11277300,0.09811600,0.10472100,0.10330000
11.052630,0.10076600,0.12528500,0.09274100,0.09057300,0.12602000,0.09589600,0.09848400,0.11896200,0.09907400,0.10635600,0.10984900
11.090220,0.10044300,0.11692900,0.09109600,0.09846800,0.12810300,0.09478500,0.09944000,0.11875700,0.10024200,0.10750300,0.11576900
11.127820,0.09590300,0.11138200,0.09418600,0.10525500,0.12906500,0.09655800,0.10163800,0.11462900,0.10319200,0.10597100,0.11725500
11.165410,0.09108400,0.10737900,0.09938200,0.10651100,0.12365600,0.09909400,0.10397900,0.11268300,0.10786900,0.10244800,0.11561800
11.203010,0.08859100,0.10568400,0.10633300,0.10332000,0.11282600,0.10243600,0.10658000,0.11393200,0.11133300,0.09870300,0.11305300
11.240600,0.08580700,0.10630900,0.11458100,0.09745700,0.10213300,0.10668800,0.10813500,0.11217300,0.11208100,0.09543400,0.10999400
11.278190,0.08128800,0.10571800,0.12029000,0.09040500,0.09240900,0.11068500,0.10364500,0.10257700,0.11075900,0.09193000,0.10589300
11.315790,0.07684400,0.10521200,0.11996000,0.08448400,0.08543900,0.11229400,0.09315700,0.09069500,0.10770900,0.08948000,0.10010300
11.353380,0.07287700,0.10707500,0.11639100,0.08096900,0.08357800,0.11047200,0.08361300,0.08230700,0.10302700,0.08850000,0.09250400
11.390980,0.06981000,0.10550700,0.11182100,0.08001700,0.08590300,0.10766900,0.07872300,0.07839100,0.09764000,0.08827300,0.08515300
11.428570,0.06952100,0.09599600,0.10269700,0.08259600,0.08868800,0.10577300,0.07775700,0.07893000,0.09426900,0.08970700,0.07987300
11.466160,0.07168900,0.08426900,0.09116700,0.08825300,0.08803700,0.10186200,0.08017500,0.08274000,0.09345300,0.09317700,0.07685300
11.503760,0.07348300,0.07544600,0.08318800,0.09366600,0.08372100,0.09431200,0.08653400,0.08732800,0.09142900,0.09782400,0.07604500
11.541350,0.07451900,0.06983400,0.08037600,0.09721800,0.07875000,0.08693700,0.09546700,0.09001300,0.08607800,0.10080800,0.07783600
11.578950,0.07799000,0.06704900,0.08223200,0.10100200,0.07502800,0.08197100,0.10266300,0.08980200,0.08120800,0.09985800,0.08189800
11.616540,0.08584900,0.06707200,0.08728800,0.10641500,0.07227100,0.07965400,0.10579000,0.08807500,0.07886300,0.09693900,0.08776800
11.654130,0.09841200,0.07025300,0.09243600,0.11153200,0.07143800,0.08092100,0.10746600,0.08678400,0.07844100,0.09687800,0.09524700
11.691730,0.11579400,0.07621700,0.09620500,0.11631200,0.07398700,0.08581700,0.10918300,0.08782000,0.08042900,0.10033400,0.10304300
11.729320,0.13543500,0.08284800,0.10176800,0.11878900,0.08054400,0.09323200,0.10923600,0.09247100,0.08590700,0.10218500,0.10867200
11.766920,0.15059400,0.08831400,0.10825300,0.11418700,0.09069300,0.09940600,0.10628100,0.10000100,0.09373600,0.09922800,0.11114400
11.804510,0.15367400,0.09141700,0.11025400,0.10478500,0.10295100,0.09992100,0.10222200,0.10780000,0.10068200,0.09436600,0.11113800
11.842100,0.14597900,0.09110000,0.10824000,0.09696500,0.11772300,0.09677800,0.09877300,0.11305000,0.10560200,0.09099800,0.11038200
11.879700,0.13549000,0.09137700,0.10462400,0.09427600,0.13524700,0.09481600,0.09721700,0.11775300,0.10985400,0.09189800,0.11129000
11.917290,0.12867700,0.09664300,0.10000200,0.09703600,0.14872000,0.09610000,0.09982200,0.12511400,0.11528200,0.09763300,0.11478000
11.954890,0.12919000,0.10877600,0.09674500,0.10436100,0.15309400,0.10063800,0.10706400,0.13296600,0.12381200,0.10621500,0.11926600
11.992480,0.13502800,0.12792300,0.09814200,0.11707100,0.15520400,0.10772200,0.11752300,0.13712200,0.13547800,0.11563300,0.12392500
12.030070,0.14060200,0.15067100,0.10488900,0.13555700,0.15790900,0.11834400,0.12935800,0.13811600,0.14645000,0.12665900,0.12883700
12.067670,0.14598900,0.17094400,0.11474300,0.15345700,0.15645300,0.13384500,0.13919300,0.13918500,0.15318600,0.14060200,0.13403700
12.105260,0.15568300,0.18619500,0.12463300,0.15963200,0.15230200,0.15328900,0.14528600,0.14231000,0.15691100,0.15540000,0.13843500
12.142860,0.17205400,0.19429500,0.13457500,0.15541900,0.14891900,0.17305700,0.14949800,0.14773200,0.16148400,0.16928100,0.14312000
12.180450,0.18842100,0.19097600,0.14827800,0.15362300,0.14820800,0.18882400,0.15364600,0.15441800,0.16676600,0.18216700,0.14980100
12.218040,0.19566600,0.18397700,0.16817100,0.15894500,0.15230400,0.20381200,0.15991900,0.16159600,0.17129800,0.19154100,0.15838200
12.255640,0.19388500,0.18278200,0.19153100,0.16914700,0.16121300,0.22064300,0.17124400,0.16979300,0.17731500,0.19662000,0.17066100
12.293230,0.18794800,0.19171700,0.21602800,0.18274200,0.17562400,0.23361400,0.18943700,0.18053800,0.18691400,0.20363100,0.18970400
12.330830,0.18695900,0.21134700,0.24003700,0.19877300,0.19643300,0.23817600,0.21558400,0.19603100,0.20205700,0.21727500,0.21768700
12.368420,0.19616600,0.24017900,0.26118000,0.21487800,0.21840400,0.23711900,0.24224200,0.21586900,0.22190400,0.23276300,0.24887700
12.406010,0.21215000,0.27080300,0.28099300,0.22569300,0.23457600,0.24041500,0.25970500,0.23630200,0.24243500,0.24109200,0.27210400
12.443610,0.21975800,0.28891600,0.29951100,0.22997300,0.24538900,0.25119100,0.27343100,0.25654400,0.25440900,0.24546000,0.28447600
12.481200,0.21026000,0.29482900,0.31441600,0.23813700,0.25739200,0.25798700,0.28808400,0.27853500,0.25533100,0.25245000,0.29054400
12.518800,0.19871500,0.29580300,0.32103400,0.25800400,0.27030400,0.25808800,0.29806400,0.30073400,0.25945900,0.26264600,0.29121100
12.556390,0.19895200,0.29418700,0.30444900,0.28630400,0.27922000,0.26002900,0.30421300,0.31356300,0.27335600,0.27351400,0.28757900
12.593980,0.21401200,0.29328600,0.27660300,0.31975800,0.29053700,0.26695800,0.30693900,0.31328200,0.29094100,0.28667800,0.28762600
12.631580,0.23920200,0.29355800,0.26191000,0.36117400,0.30417400,0.28022000,0.30942800,0.31609800,0.30748200,0.30096100,0.29225700
12.669170,0.26157500,0.29828900,0.26951200,0.39987800,0.31191500,0.29528500,0.32109300,0.33049900,0.32335500,0.31322400,0.29898900
12.706770,0.27752800,0.32026100,0.29931900,0.40953900,0.32511700,0.30839100,0.33916900,0.34473100,0.34346600,0.32711100,0.30847200
12.744360,0.30306900,0.35871200,0.34260700,0.39643700,0.35409300,0.32449100,0.35075600,0.35120200,0.37091800,0.34648400,0.32206300
12.781950,0.35172900,0.38565600,0.38238900,0.38611400,0.39468400,0.34367100,0.35665400,0.36009300,0.40503900,0.37193000,0.34522300
12.819550,0.42679200,0.38169000,0.41309800,0.39245700,0.44257000,0.37136800,0.37332200,0.38054900,0.44046300,0.40665200,0.38440600
12.857140,0.51399000,0.37294800,0.44374600,0.41944400,0.48875300,0.41802200,0.40813700,0.41332100,0.46504800,0.45015100,0.43479800
12.894740,0.58840600,0.38814800,0.48504900,0.46316700,0.52027700,0.48737500,0.45478000,0.46371900,0.48664600,0.49865600,0.48985500
12.932330,0.66494100,0.43715700,0.54280700,0.52792100,0.55318000,0.57575300,0.50819200,0.53667000,0.52635700,0.55963700,0.55893700
12.969920,0.76972900,0.51919600,0.61497400,0.61017400,0.60957200,0.67991000,0.57639700,0.62905000,0.59200800,0.63994500,0.64620700
13.007520,0.86455700,0.62185300,0.69272100,0.69355800,0.68685700,0.79109100,0.66185500,0.72688700,0.67779400,0.73080300,0.74008700
13.045110,0.90241400,0.72376200,0.75617200,0.76614900,0.77704700,0.88217400,0.75604400,0.80453800,0.76309000,0.81435100,0.82784000
13.082710,0.90187400,0.81643300,0.81066600,0.82601900,0.86865900,0.93314600,0.85336900,0.85141300,0.83559900,0.87636900,0.89657900
13.120300,0.91307900,0.91093000,0.87450400,0.86382700,0.93328300,0.94610200,0.95315300,0.88992000,0.89585000,0.91463300,0.93003400
13.157890,0.96318200,0.99710000,0.92196300,0.87691900,0.96745900,0.95238300,1.04695300,0.93015400,0.92709800,0.92223000,0.93188900
13.195490,1.02594700,1.03446400,0.94805900,0.90128200,1.00092800,0.96609300,1.08505300,0.95523000,0.93728400,0.92092000,0.93338200
13.233080,1.04030800,1.02283300,0.98538600,0.95815900,1.02623700,0.95166000,1.05434600,0.98227200,0.97165600,0.93160300,0.94420700
13.270670,0.99194400,1.02309900,1.05319800,1.01864900,0.99504200,0.91161900,1.02014300,1.02042400,1.02292400,0.94393800,0.97124800
13.308270,0.93854500,1.08599600,1.14763200,1.02180200,0.92766400,0.90152900,1.02387600,1.03270900,1.05776400,0.96834700,1.01518700
13.345860,0.91649800,1.22211300,1.19473500,0.98848700,0.88390100,0.94583700,1.03879400,1.01385800,1.09201300,1.01349600,1.03501500
13.383460,0.93644300,1.35865500,1.12977400,0.99942000,0.89597200,1.00733200,1.02322900,1.01905700,1.12546300,1.05122200,1.01557200
13.421050,0.99641100,1.38230100,1.01891800,1.07617300,0.96356500,1.03388200,0.99984300,1.06763000,1.11900500,1.07254300,1.00829100
13.458640,1.07943200,1.27309900,0.94511100,1.19268800,1.03029600,1.04094600,1.00518500,1.11547200,1.07083200,1.10263800,1.05002900
13.496240,1.14860300,1.12191300,0.92324600,1.30152200,1.06522400,1.06683200,1.02793400,1.12601700,1.01758700,1.15548700,1.11283400
13.533830,1.12721200,0.98615400,0.95039200,1.32841400,1.11176700,1.12016400,1.03834100,1.10195100,0.99684100,1.20682800,1.14255000
13.571430,1.02721800,0.89004400,1.03175700,1.24631900,1.19473900,1.18156400,1.03828000,1.07469500,1.02465600,1.21069200,1.12877000
13.609020,0.95413800,0.85851600,1.13007600,1.12758100,1.28015800,1.21698100,1.05718700,1.07982300,1.08444300,1.15279200,1.12188100
13.646620,0.95179000,0.90456800,1.17629000,1.04265400,1.33415700,1.21320400,1.11372000,1.12746700,1.14380900,1.08040900,1.14851600
13.684210,1.01634600,1.02315500,1.20336500,1.01496700,1.34875800,1.19009000,1.20514600,1.19824600,1.18428900,1.05569400,1.19226100
13.721800,1.12813600,1.16090900,1.25101900,1.01951600,1.32009200,1.15755100,1.29977100,1.25206400,1.22358500,1.09163500,1.22176300
13.759400,1.23904300,1.22015900,1.29974000,1.04609800,1.26837300,1.13677600,1.36392100,1.25466500,1.27470100,1.16554600,1.23761700
13.796990,1.33210300,1.20114400,1.34938500,1.10985100,1.22453800,1.17613900,1.36593700,1.23381700,1.31310700,1.23915000,1.26877800
13.834590,1.41452000,1.20875300,1.38396400,1.19687400,1.18901600,1.29107500,1.31952900,1.24190400,1.33311400,1.28929100,1.29788400
13.872180,1.48383400,1.27925600,1.38659500,1.29330100,1.17309600,1.43579600,1.27575000,1.28106000,1.34341500,1.34590800,1.31416800
13.909770,1.51772900,1.39628200,1.39040100,1.40617700,1.19824600,1.53027500,1.26910200,1.34046600,1.34403300,1.40788000,1.33978300
13.947370,1.43554100,1.51502100,1.41350800,1.50486300,1.26410900,1.53802400,1.30729000,1.39348800,1.36455800,1.44554600,1.36409400
13.984960,1.27076500,1.53609800,1.38218100,1.50651700,1.33029800,1.47104300,1.36723400,1.39906600,1.40320700,1.45828300,1.36034600
14.022560,1.14688300,1.41359600,1.28383300,1.43071000,1.36205400,1.35994100,1.42380500,1.35723500,1.40458100,1.44440400,1.34331800
14.060150,1.13301200,1.23711400,1.21543800,1.38350000,1.39451900,1.25936700,1.45331000,1.32789800,1.36442700,1.39892400,1.33019800
14.097740,1.22252400,1.13290000,1.24864200,1.39445600,1.43976700,1.19803800,1.42233100,1.34267900,1.32122000,1.33216400,1.32949300
14.135340,1.34831200,1.14569200,1.39015800,1.43069900,1.43735000,1.16193500,1.35203600,1.38281100,1.28488000,1.27244700,1.35747500
14.172930,1.45695600,1.24089400,1.52851700,1.43417000,1.36418400,1.16266800,1.28988900,1.40213200,1.24260400,1.22920000,1.38160700
14.210530,1.55821100,1.34065600,1.50371900,1.39007900,1.28809200,1.21051600,1.23681000,1.36731700,1.20371800,1.20309600,1.36975500
14.248120,1.63653900,1.39151300,1.33980200,1.32243600,1.25013500,1.24917800,1.17864900,1.30309500,1.20779100,1.20870500,1.32297300
14.285710,1.62814300,1.40295500,1.15051700,1.25267800,1.22996600,1.23710500,1.13439700,1.24537600,1.26116000,1.24355100,1.25247100
14.323310,1.48471000,1.40691100,1.00021500,1.20609500,1.20014800,1.20727000,1.12873500,1.19123900,1.31333700,1.27291900,1.16246100
14.360900,1.26864700,1.41003700,0.92425500,1.16394200,1.13908300,1.19415400,1.14255400,1.13168700,1.32267600,1.26840600,1.08321100
14.398490,1.09446100,1.40357000,0.92662400,1.09099100,1.07071200,1.21768500,1.16181300,1.08807900,1.28601400,1.24350800,1.05685500
14.436090,1.00574000,1.35845300,0.98690700,0.99912900,1.04039100,1.28529500,1.20136600,1.07611700,1.21402300,1.21197800,1.07838900
14.473680,0.97402600,1.26261500,1.06076400,0.93363900,1.06079000,1.34002700,1.23560700,1.09603200,1.12945600,1.15603800,1.12416000
14.511280,0.93769800,1.13877100,1.10411200,0.92483300,1.11828000,1.31479600,1.24204500,1.11898700,1.04903700,1.07048700,1.17922200
14.548870,0.88578400,1.00948500,1.11122100,0.96764100,1.19677600,1.21481800,1.22025000,1.12485000,0.97329000,0.98843200,1.21038100
14.586460,0.86521400,0.90507500,1.12787400,1.03511600,1.25392600,1.09717600,1.15822700,1.12660600,0.93207800,0.94287400,1.19035700
14.624060,0.89478200,0.85540700,1.16581000,1.08087000,1.24858400,1.00006200,1.07204000,1.11498300,0.94754200,0.93761100,1.13638400
14.661650,0.93669600,0.85259800,1.17936900,1.06822000,1.19362100,0.92551100,0.98953600,1.07140600,0.99623100,0.97289100,1.07187500
14.699250,0.96525100,0.84058700,1.17074000,1.00963000,1.11718000,0.87363700,0.93233100,1.00918800,1.04147300,1.04605600,1.00335200
14.736840,0.99098300,0.79847900,1.18012900,0.97574800,1.03550000,0.86663000,0.91160400,0.95498500,1.06515400,1.13133600,0.94175200
14.774440,1.00705100,0.77780200,1.19328100,1.01168800,0.94236100,0.91351200,0.92559000,0.91874100,1.06884900,1.18607600,0.89588700
14.812030,1.01171600,0.82026600,1.16654800,1.09692100,0.85487800,0.96527000,0.94712800,0.91404400,1.05062700,1.15567800,0.87483400
14.849620,1.00563000,0.91858100,1.09087200,1.16808400,0.80050000,0.95568300,0.95227400,0.93569300,1.01494400,1.03975600,0.87030300
14.887220,0.97501700,1.03170800,0.99467200,1.14793600,0.78194700,0.90210800,0.93717300,0.94748600,0.98872100,0.91985000,0.88037800
14.924810,0.92454500,1.10958800,0.90918800,1.04247400,0.77565000,0.86810300,0.90319500,0.94718100,0.96793400,0.84153400,0.91160000
14.962400,0.88006400,1.12255800,0.85121600,0.93003700,0.77956700,0.87356800,0.85924800,0.95282300,0.94095500,0.80658700,0.94273400
15.000000,0.87371600,1.08136600,0.80874900,0.87484500,0.80306900,0.88940000,0.82728000,0.94359900,0.90136600,0.80146100,0.95096700
15.037590,0.88286500,1.00113300,0.75629200,0.88033300,0.83005700,0.90100300,0.81985000,0.91030600,0.83331100,0.79886500,0.94445500
15.075190,0.84917700,0.89659000,0.70515400,0.90172400,0.85056300,0.90174100,0.83161300,0.87660200,0.75688100,0.77853100,0.91867600
15.112780,0.78562500,0.80277500,0.66946800,0.88313500,0.87673300,0.88175900,0.85656200,0.84180500,0.71275000,0.75000500,0.87194100
15.150370,0.74972200,0.75058900,0.65166000,0.81360200,0.90768300,0.85209500,0.87110300,0.80274400,0.71149800,0.73008900,0.82605300
15.187970,0.74912800,0.72537400,0.64960200,0.73982100,0.92446500,0.83973800,0.86217300,0.77992600,0.74168500,0.73627900,0.79039600
15.225560,0.77474700,0.70567900,0.65871200,0.70105300,0.92084900,0.85980700,0.85168800,0.78549200,0.78109900,0.77434300,0.76432800
15.263160,0.83833100,0.70306600,0.68003400,0.69712100,0.90487900,0.87776500,0.85879400,0.79852300,0.81570500,0.82483900,0.74610100
15.300750,0.91648500,0.73499200,0.71288100,0.70257400,0.87044800,0.84417100,0.87505100,0.79447800,0.83625500,0.87745200,0.73531100
15.338350,0.96893200,0.79309600,0.74849800,0.68737000,0.81884800,0.77516300,0.88504600,0.78244000,0.82844100,0.93376000,0.73825900
15.375940,0.99113800,0.84641600,0.77510200,0.65084400,0.78151700,0.70968500,0.87121500,0.76104500,0.80698500,0.95931500,0.76455700
15.413530,0.97965700,0.88484200,0.80992000,0.60907100,0.76531000,0.66809500,0.82385800,0.73004700,0.80240200,0.92244700,0.80565200
15.451130,0.92124100,0.88954200,0.87378100,0.57996900,0.74484700,0.65608200,0.75455200,0.71262600,0.80797300,0.84976300,0.83170100
15.488720,0.84230500,0.85052900,0.93712400,0.58658700,0.70537500,0.67534500,0.68645500,0.70621200,0.79386900,0.77693300,0.82367200
15.526320,0.76304300,0.79301400,0.94909100,0.63923500,0.67383300,0.71455900,0.63002200,0.68982800,0.75893900,0.70661600,0.77764800
15.563910,0.68797000,0.73659600,0.91110600,0.74034600,0.67085200,0.75749000,0.59446200,0.67557600,0.72920100,0.64328500,0.71746600
15.601500,0.63739300,0.69004300,0.86115800,0.87959600,0.68476900,0.78644100,0.58352300,0.68754400,0.71439000,0.60407500,0.67765400
15.639100,0.62341100,0.66094200,0.80862900,0.98954300,0.69089800,0.79507300,0.58986700,0.72777200,0.71125200,0.59794100,0.67000500
15.676690,0.64702700,0.63565000,0.73878700,0.98831200,0.68996200,0.79773100,0.61465200,0.77512900,0.71626700,0.61718900,0.68166200
15.714280,0.67587900,0.60409100,0.65745300,0.90329700,0.68547000,0.78595200,0.66456900,0.80644500,0.72368400,0.63840300,0.68822800
15.751880,0.66838000,0.56890200,0.58770900,0.79700300,0.67145600,0.74989600,0.72129200,0.80702300,0.71677000,0.64261500,0.68012900
15.789470,0.63184000,0.55242000,0.55602000,0.71613000,0.66631000,0.69502300,0.75011000,0.76768800,0.68491700,0.64159900,0.66620100
15.827070,0.58536800,0.56788400,0.57368000,0.67762900,0.66533600,0.62693900,0.74248700,0.70322300,0.64204000,0.65458500,0.65094100
15.864660,0.53769600,0.60617700,0.62460400,0.66308600,0.64182600,0.56699100,0.71578500,0.64343000,0.60002200,0.67309700,0.63417500
15.902260,0.51424600,0.64528200,0.65747200,0.63796500,0.60860400,0.53712900,0.68700500,0.60645300,0.57051900,0.68071400,0.62355500
15.939850,0.52610400,0.66586600,0.63879300,0.59433700,0.59992700,0.54218000,0.67086900,0.58739700,0.55853900,0.67865400,0.62358800
15.977440,0.56905600,0.67061400,0.60074600,0.56116400,0.62768200,0.57369300,0.65615500,0.57998100,0.56523300,0.67046800,0.63701000
16.015040,0.63121300,0.67298700,0.57550600,0.55999300,0.67800200,0.60324300,0.63352700,0.58062800,0.59003500,0.66722200,0.66608100
16.052630,0.66943300,0.65867500,0.56529200,0.57604400,0.70535500,0.60280800,0.61546400,0.57674600,0.61197000,0.67019000,0.68401400
16.090230,0.63975200,0.62875400,0.56323900,0.57532700,0.67538400,0.58044200,0.61119100,0.56122000,0.61331800,0.65180800,0.66170400
16.127820,0.56311000,0.61714000,0.56245100,0.55270900,0.61689600,0.55854900,0.61390000,0.54616500,0.59862100,0.60642500,0.61083500
16.165410,0.49965100,0.63643800,0.54661600,0.52599000,0.56777700,0.54859500,0.60412900,0.54004800,0.58170000,0.56157500,0.55458500
16.203010,0.47406200,0.66104900,0.52686800,0.49944800,0.54355400,0.54820400,0.58011900,0.53254500,0.58155400,0.52657200,0.51155300
16.240600,0.46778000,0.64178200,0.52246400,0.46840300,0.54071600,0.55162700,0.54962100,0.53000200,0.59005900,0.50279800,0.48612600
16.278190,0.45675300,0.57449400,0.52811300,0.44286700,0.54070900,0.56168800,0.51747200,0.53435700,0.58608500,0.49734000,0.47263900
16.315790,0.44891300,0.49715700,0.53119600,0.43579000,0.53157000,0.57316900,0.49067600,0.53091100,0.57159600,0.50203100,0.46878500
16.353380,0.46406900,0.43842600,0.53358100,0.44786000,0.52246200,0.57657100,0.46927700,0.52276000,0.54367100,0.49843000,0.48182800
16.390980,0.49359900,0.41028900,0.54267200,0.48022900,0.50827200,0.57284700,0.45185800,0.51650700,0.50666500,0.48906500,0.51201300
16.428570,0.52098700,0.41000400,0.55277500,0.52668700,0.48682600,0.55775900,0.45185200,0.51738300,0.48123100,0.49630300,0.53413100
16.466160,0.55657900,0.43217200,0.57002400,0.55912200,0.46182200,0.53333500,0.47161100,0.53142300,0.47647400,0.52124200,0.53209000
16.503760,0.60902800,0.46898200,0.58914100,0.56871900,0.43522100,0.52044600,0.48962700,0.54718700,0.48963400,0.53783500,0.52260200
16.541350,0.66391700,0.49710400,0.58728000,0.57034000,0.41572100,0.53094800,0.48724700,0.54714400,0.51313700,0.52827000,0.52358700
16.578950,0.67892200,0.49890000,0.56022900,0.56331800,0.41502400,0.53938300,0.47375600,0.53406100,0.53571900,0.50310200,0.53311900
16.616540,0.63055000,0.49412100,0.52233000,0.55507700,0.43799500,0.51590500,0.46424200,0.53075900,0.54251100,0.47977200,0.53450300
16.654130,0.56865000,0.50743900,0.47870800,0.55173600,0.46968200,0.48193700,0.46834800,0.53492300,0.52366000,0.46783800,0.52190900
16.691730,0.52473400,0.53389000,0.43301500,0.54696700,0.48729500,0.46731100,0.49481500,0.51709900,0.47809800,0.45995000,0.50057500
16.729320,0.48998200,0.54480700,0.40139300,0.54330700,0.48534200,0.46694400,0.53019800,0.48062500,0.42419700,0.45041800,0.47737900
16.766920,0.46132200,0.51938700,0.39829500,0.53041300,0.48095000,0.45840800,0.54737200,0.44483800,0.38354700,0.45260400,0.46066300
16.804510,0.45125200,0.46428400,0.42258100,0.49541500,0.49473600,0.43236900,0.54088600,0.41120000,0.36578600,0.46847300,0.45490800
16.842100,0.46462500,0.41272700,0.46305000,0.44414200,0.52237900,0.39589500,0.51987600,0.38361300,0.37528200,0.48222500,0.45180300
16.879700,0.49046400,0.39267300,0.49360300,0.39305900,0.53831000,0.36758300,0.48798900,0.37078500,0.40882300,0.48677100,0.43892000
16.917290,0.49784800,0.41348300,0.49331200,0.36192600,0.53310000,0.35941400,0.45572100,0.37713600,0.45462900,0.48615500,0.41928900
16.954890,0.46499500,0.47095100,0.46523700,0.35415500,0.51338500,0.37089400,0.43689200,0.40429700,0.50162900,0.48022500,0.40398700
16.992480,0.40979500,0.54745600,0.42292400,0.36192000,0.48885900,0.39308100,0.42978400,0.44143100,0.53005900,0.46313200,0.39988100
17.030080,0.35914900,0.60735600,0.37859200,0.37624900,0.47411700,0.41863400,0.42189800,0.46797700,0.52264600,0.44107700,0.40330400
17.067670,0.32798700,0.60737400,0.35133200,0.39233100,0.47083000,0.44968200,0.40884100,0.47649800,0.49775600,0.42292500,0.40634200
17.105260,0.32318700,0.54737500,0.35262800,0.40964300,0.47701100,0.48048500,0.39740500,0.47711700,0.47685500,0.41620500,0.41281200
17.142850,0.34381800,0.46964400,0.37919800,0.42047400,0.47941500,0.49556700,0.39009100,0.47511900,0.45705100,0.41597200,0.43017700
17.180450,0.38173500,0.40218200,0.41542200,0.42359700,0.45703700,0.49369100,0.38716100,0.46731400,0.43120000,0.40752900,0.45904900
17.218040,0.42312700,0.34622700,0.44694800,0.43407300,0.41088100,0.48344300,0.39368100,0.45592700,0.40171100,0.39158400,0.48476300
17.255640,0.45803200,0.30370100,0.46360700,0.45307200,0.36329300,0.47001800,0.40758200,0.44135500,0.37886700,0.38368400,0.49230000
17.293230,0.46565700,0.28005300,0.45736500,0.46144200,0.33017100,0.44955200,0.41900000,0.42480100,0.36806900,0.39617600,0.48440900
17.330830,0.43336500,0.27779200,0.43435200,0.46031100,0.31608400,0.42590200,0.42028300,0.40979500,0.36696000,0.42303700,0.46370300
17.368420,0.38687300,0.29370700,0.40846600,0.45815500,0.31760400,0.41765800,0.41748100,0.39701300,0.36998300,0.44075200,0.43390000
17.406010,0.34902000,0.32032500,0.39869900,0.44575600,0.32399800,0.42142900,0.41682500,0.38618300,0.37584300,0.43515800,0.40036500
17.443610,0.32740000,0.35065900,0.41130000,0.42397700,0.32526200,0.41818700,0.41783600,0.37966100,0.39381000,0.41318800,0.36928200
17.481200,0.32645800,0.37955900,0.42878600,0.40656400,0.32130700,0.40491600,0.41995000,0.37818300,0.42302400,0.39177600,0.34322900
17.518800,0.34921200,0.40161500,0.43040800,0.39689200,0.32366900,0.38674300,0.41150300,0.37608700,0.44238800,0.38176300,0.32619900
17.556390,0.39150100,0.41602100,0.42398600,0.38912400,0.34279300,0.36562700,0.39292200,0.37119500,0.43377100,0.37951800,0.32472200
17.593980,0.44315700,0.42612600,0.41617400,0.38124000,0.37104800,0.35003800,0.37736900,0.36844400,0.40186600,0.37915200,0.33870100
17.631580,0.48878900,0.42775300,0.39700800,0.37948900,0.39799100,0.34503600,0.37076400,0.36923600,0.36885000,0.38147800,0.36159100
17.669170,0.51016000,0.41263100,0.36359000,0.38448200,0.42627500,0.33850800,0.37339400,0.36688300,0.34965700,0.38496300,0.38264900
17.706770,0.48881400,0.38846900,0.33179500,0.38380100,0.45086500,0.32100600,0.38206300,0.36234400,0.34215300,0.37975100,0.39349700
17.744360,0.44165600,0.36530800,0.31567800,0.37216200,0.45998600,0.30565100,0.38807100,0.36028100,0.33866700,0.36602000,0.39557000
17.781950,0.40602100,0.35736000,0.31129500,0.35735800,0.45746400,0.30842700,0.38454500,0.35731700,0.33585400,0.35381200,0.38902800
17.819550,0.38870600,0.36522100,0.31270100,0.34928900,0.45315400,0.32911500,0.36955900,0.35410500,0.33361600,0.34842700,0.37442100
17.857140,0.37464200,0.36956900,0.32273200,0.34899900,0.44693100,0.35440000,0.35022500,0.35611100,0.33418200,0.34440300,0.35652800
17.894740,0.35321800,0.35698100,0.34162500,0.34679600,0.42150500,0.36896400,0.33422400,0.36181200,0.34353200,0.33970000,0.33918600
17.932330,0.33383300,0.33407600,0.36024400,0.33376600,0.37504800,0.37016800,0.32556400,0.36630000,0.36316000,0.33652700,0.32919400
17.969920,0.32549800,0.31009100,0.37050400,0.31671200,0.32611600,0.36905100,0.32073300,0.36724300,0.38610800,0.33884800,0.33131800
18.007520,0.32488100,0.28777800,0.36885200,0.31114600,0.28662800,0.36955800,0.31252000,0.36243500,0.40105000,0.34515100,0.34364800
18.045110,0.32477300,0.27515900,0.35774300,0.32038200,0.26440000,0.37175900,0.30696100,0.35276700,0.39485000,0.34729100,0.35870900
18.082710,0.32139700,0.27867300,0.35239200,0.32995800,0.26375900,0.37395400,0.31118000,0.34294200,0.36491700,0.34109400,0.36739600
18.120300,0.31682000,0.29844100,0.36126900,0.32386400,0.28248400,0.36961500,0.32309200,0.33378800,0.32849200,0.33297400,0.36395000
18.157890,0.30109700,0.33930900,0.37996500,0.30298400,0.30691500,0.35892700,0.33586500,0.32004100,0.30361700,0.33380300,0.34829000
18.195490,0.26718200,0.40257400,0.39046700,0.27883700,0.31473700,0.34564600,0.33740400,0.30397800,0.29377500,0.34201500,0.32294600
18.233080,0.23405900,0.45946700,0.38110600,0.26326100,0.30108800,0.33929700,0.32678800,0.29646700,0.29090200,0.34372900,0.29930500
18.270680,0.21687400,0.45880300,0.36196400,0.26338300,0.28848600,0.33547000,0.31464100,0.29748300,0.28885700,0.33519600,0.28592500
18.308270,0.21492000,0.40414500,0.33798300,0.28103400,0.28996700,0.32335500,0.31021200,0.30105000,0.28829900,0.31859200,0.28126600
18.345860,0.22267400,0.34390400,0.31386700,0.30978000,0.29718500,0.30893200,0.31610400,0.30384500,0.29291200,0.29303700,0.28290000
18.383460,0.23815500,0.29417500,0.29505000,0.33515900,0.29875400,0.29555400,0.32162700,0.30292500,0.30189300,0.26851200,0.29003700
18.421050,0.25953300,0.25574700,0.27736300,0.34790200,0.28937300,0.28136700,0.32129200,0.30121600,0.30916700,0.25710500,0.29934100
18.458640,0.28322900,0.23528600,0.25332900,0.35136800,0.27850200,0.27075400,0.32147000,0.30412300,0.31517200,0.26119000,0.30606100
18.496240,0.30766300,0.23479000,0.23058700,0.35077900,0.28091000,0.26415900,0.32043400,0.31036700,0.32092600,0.27438900,0.30713400
18.533830,0.33774900,0.24883700,0.21668900,0.34347300,0.30126200,0.25387700,0.31495800,0.31799300,0.31723800,0.28903400,0.30724700
18.571430,0.36489000,0.26341100,0.21079700,0.32536000,0.32538700,0.24174800,0.30607600,0.32080600,0.29746300,0.30115600,0.30933100
18.609020,0.36199700,0.27041400,0.21391800,0.30103700,0.33146500,0.23606400,0.28928100,0.30871400,0.27136200,0.31029300,0.30456600
18.646610,0.32829600,0.27497300,0.22860300,0.28216500,0.31628800,0.23659100,0.26180100,0.28527500,0.25671700,0.31497100,0.28865600
18.684210,0.28649600,0.27956100,0.25395400,0.27330200,0.29720400,0.24215200,0.23414800,0.26387900,0.25829300,0.31217700,0.27067000
18.721800,0.25632800,0.28282700,0.28117000,0.26924700,0.29088500,0.25606100,0.22092900,0.25085700,0.26642500,0.30346500,0.26012300
18.759400,0.23852200,0.28069000,0.29629700,0.26372200,0.30050900,0.27397000,0.22652900,0.24605900,0.26806600,0.28993700,0.25586600
18.796990,0.22657300,0.27644900,0.29925600,0.25366000,0.31565000,0.28580100,0.24746000,0.24692700,0.26193600,0.27413000,0.25401300
18.834590,0.22280700,0.28119700,0.29776000,0.23929700,0.32252600,0.29482900,0.27446500,0.25152300,0.25965600,0.26332900,0.25611700
18.872180,0.22873300,0.29647200,0.29223900,0.22764300,0.31549500,0.30598100,0.29537900,0.25819500,0.26855700,0.25806300,0.26382000
18.909770,0.24394200,0.31510800,0.28455700,0.22610800,0.29599300,0.30992500,0.30239700,0.26711300,0.28274500,0.25474400,0.27400600
18.947370,0.26707000,0.33088500,0.27779000,0.23949900,0.27112000,0.30417700,0.29694000,0.27783200,0.28964000,0.25354400,0.28375700
18.984960,0.29407000,0.33403400,0.26883400,0.26417000,0.24844800,0.29512900,0.28552000,0.28298500,0.28181700,0.25369700,0.28808300
19.022560,0.31560300,0.32094500,0.26140200,0.28335600,0.23127200,0.28657900,0.27464200,0.27690800,0.27036600,0.25264500,0.28389000
19.060150,0.31759900,0.29555000,0.26295800,0.28884300,0.21520300,0.27664100,0.26662100,0.26384500,0.26494400,0.24993400,0.26982400
19.097740,0.30099300,0.26164500,0.26955600,0.29260700,0.20137000,0.26542600,0.26580300,0.25294300,0.26421600,0.24433500,0.24889500
19.135340,0.28064800,0.22749800,0.26828600,0.29752600,0.19329300,0.26121200,0.27041200,0.24757200,0.26547400,0.24012200,0.23287900
19.172930,0.26922100,0.20065000,0.25036200,0.29935000,0.18852100,0.26488100,0.26994500,0.24671100,0.26492700,0.24321200,0.23051400
19.210530,0.27112500,0.18450900,0.22460100,0.29741000,0.18625300,0.26631200,0.26048500,0.25215400,0.26097800,0.25257700,0.24187400
19.248120,0.27684800,0.17753100,0.20852800,0.28858300,0.18854500,0.25977700,0.24624900,0.25986200,0.25292500,0.26133900,0.25825000
19.285710,0.27601100,0.17811000,0.20941400,0.27018000,0.19925000,0.24714000,0.23023000,0.26116500,0.24283600,0.26447100,0.26977000
19.323310,0.27275100,0.18565400,0.22430500,0.24593100,0.22016700,0.23444600,0.21452800,0.25679700,0.23721200,0.26272900,0.26885700
19.360900,0.27816200,0.20065900,0.24562300,0.22693700,0.24642900,0.22505300,0.20657200,0.25326300,0.23729200,0.25854200,0.25558900
19.398490,0.29337400,0.22113400,0.26557400,0.21986100,0.27201200,0.22254700,0.21226200,0.25233800,0.23939100,0.25333400,0.24332100
19.436090,0.30255600,0.23632900,0.28012800,0.22067600,0.29529800,0.22743200,0.22778600,0.25057900,0.24170900,0.25173200,0.24023500
19.473680,0.29166500,0.23763500,0.28975400,0.22223000,0.31261000,0.23335700,0.24339500,0.24507700,0.24388700,0.25373000,0.24181200
19.511280,0.27069900,0.23459800,0.29355900,0.22378300,0.31408200,0.23681900,0.25641200,0.23964000,0.24306300,0.25431500,0.24250600
19.548870,0.25809500,0.23831700,0.29114400,0.22467400,0.30033100,0.23825400,0.26838200,0.23947700,0.23798500,0.25243000,0.24257500
19.586470,0.25150400,0.24519100,0.28255200,0.22292000,0.28436600,0.23771400,0.26832100,0.24114500,0.23130500,0.24926600,0.24390600
19.624060,0.23800400,0.25120600,0.27106100,0.21759900,0.26959300,0.23236200,0.25384600,0.23989200,0.22596800,0.24279300,0.24396800
19.661650,0.22087400,0.25661700,0.25693900,0.21150700,0.25587100,0.22427700,0.23765600,0.23841200,0.22320900,0.23296500,0.24044800
19.699250,0.21302100,0.25919000,0.23968200,0.21196800,0.24643100,0.22339500,0.22543900,0.23754200,0.22462500,0.22368400,0.23452800
19.736840,0.21470000,0.25909400,0.22704800,0.22096000,0.24017800,0.23370000,0.21923700,0.23380600,0.22998300,0.21686100,0.22874600
19.774440,0.21944500,0.25922100,0.22541400,0.22921600,0.23570000,0.24580600,0.21970800,0.22908500,0.23947400,0.21313600,0.22609400
19.812030,0.22846100,0.25658000,0.23057400,0.22811100,0.22778800,0.24649300,0.22441800,0.22808200,0.24854600,0.21294300,0.22590300
19.849620,0.23890500,0.24877200,0.23042000,0.21885600,0.21667100,0.23807300,0.23296300,0.22942600,0.24962200,0.21381000,0.22476600
19.887220,0.23788400,0.24059500,0.22183900,0.21037000,0.20820500,0.23093300,0.24125200,0.22891900,0.24252600,0.21556500,0.22114300
19.924810,0.22142400,0.23062500,0.21392200,0.20946900,0.20323200,0.22644000,0.24408100,0.22719200,0.23210500,0.21900400,0.21532200
19.962400,0.19880500,0.21658700,0.21271700,0.21330300,0.20317100,0.22354000,0.24285900,0.22884600,0.22389900,0.22478700,0.21255000
20.000000,0.17938400,0.20474200,0.21410900,0.21541200,0.20803400,0.22348000,0.23994500,0.22934800,0.22091100,0.23522700,0.21667700
