E[1] [eV],Re(eps)_nk_20,Re(eps)_nk_22,Re(eps)_nk_24,Re(eps)_nk_26,Re(eps)_nk_28,Re(eps)_nk_30,Re(eps)_nk_32,Re(eps)_nk_34,Re(eps)_nk_36,Re(eps)_nk_38,Re(eps)_nk_40
5.000000,2.84903000,2.74832400,2.35167500,2.22185600,2.29236600,2.60275000,2.56999700,2.41780400,2.31133000,2.38062600,2.50666000
5.037593,2.49214100,2.88600000,2.44868900,2.27168700,2.14252600,2.43067200,2.60801500,2.49109200,2.32017900,2.29183900,2.39215500
5.075188,2.07514200,2.91709300,2.60600600,2.30638100,2.12658500,2.23015800,2.54143000,2.55496100,2.39764400,2.26302800,2.28076900
5.112782,1.85786200,2.72489100,2.77299000,2.38031000,2.19220400,2.09166200,2.34958200,2.57578900,2.48495800,2.31010000,2.22923600
5.150376,1.84808600,2.31971100,2.88097900,2.52424200,2.26105900,2.07195500,2.15051100,2.46689100,2.54932800,2.40576700,2.24703800
5.187970,1.87741400,1.92667500,2.80840800,2.69801600,2.34955200,2.14169100,2.03626100,2.24571400,2.53043500,2.49672200,2.33152200
5.225564,1.84669300,1.75056200,2.45885400,2.83077900,2.49696200,2.23136800,2.04174600,2.05803700,2.35384600,2.53642800,2.43657300
5.263157,1.83531700,1.74448100,1.99839900,2.79867700,2.67161200,2.34912700,2.12528800,1.98966200,2.11275800,2.43311000,2.51004300
5.300752,1.93282400,1.75877900,1.72017300,2.46780500,2.79111000,2.51405300,2.23827100,2.03900800,1.97309300,2.18324400,2.46665500
5.338346,2.11165400,1.78480900,1.65699100,1.97576900,2.71428900,2.67503100,2.39072200,2.14828400,1.97898100,1.97945100,2.24255600
5.375940,2.32794400,1.89946500,1.67594200,1.67001700,2.33106400,2.71966500,2.55681900,2.29636000,2.07772900,1.94132600,1.99789200
5.413534,2.55870700,2.09380700,1.75817800,1.59561600,1.85436800,2.50728600,2.63873600,2.45708300,2.22392700,2.02657600,1.92121000
5.451128,2.78099700,2.32121100,1.92906300,1.65173500,1.60223300,2.07471800,2.50952200,2.53557300,2.37210800,2.16796400,1.99246800
5.488721,2.93711700,2.53809100,2.14709200,1.80948200,1.58875600,1.70732500,2.17565000,2.42460700,2.42065500,2.28993600,2.11946600
5.526316,2.90051400,2.67194100,2.34402900,2.01264300,1.72345300,1.58976400,1.83163400,2.16102300,2.29716100,2.28772300,2.19301500
5.563910,2.56868600,2.59880200,2.41999600,2.16337400,1.89099600,1.66359000,1.64483000,1.89531400,2.08438100,2.14860700,2.13278700
5.601503,2.11091900,2.28630200,2.27209300,2.14347500,1.95359200,1.74652200,1.60550300,1.68833600,1.87932300,1.97304500,1.98894500
5.639097,1.73083400,1.94059600,1.97994100,1.93368100,1.82891300,1.68716700,1.54483000,1.50158200,1.63749900,1.76859600,1.81208000
5.676692,1.39893900,1.64779200,1.70135800,1.67296500,1.60007400,1.49785400,1.38116300,1.29125000,1.32409600,1.46446400,1.55431800
5.714285,1.11109200,1.37091000,1.42182000,1.39900700,1.34037500,1.26009700,1.16616700,1.07349700,1.03058300,1.10663900,1.22779300
5.751880,0.79977700,1.10303700,1.14866000,1.13092800,1.09445700,1.04472600,0.98178100,0.90886400,0.84404200,0.83857700,0.92650300
5.789474,0.40535000,0.73943200,0.90066700,0.95081000,0.96207200,0.94501300,0.90136700,0.83560900,0.75925300,0.69969500,0.70632200
5.827067,0.08588900,0.38389400,0.72492200,0.87345600,0.92018100,0.90299900,0.84400900,0.76420500,0.68152200,0.61157100,0.57744800
5.864661,0.02177900,0.23218300,0.64217600,0.83621700,0.86814600,0.81866500,0.74524500,0.67962200,0.62955800,0.59046100,0.55949800
5.902255,0.16007600,0.28011700,0.59973000,0.78081700,0.77017900,0.71348400,0.67426700,0.65867000,0.64820700,0.62400400,0.58174900
5.939849,0.37401100,0.42247900,0.50092000,0.61131600,0.63178600,0.63846100,0.66417400,0.68524700,0.67556100,0.63422000,0.57822300
5.977444,0.58724000,0.52926400,0.34996100,0.37250200,0.49493700,0.60508100,0.68122100,0.69868600,0.66868700,0.62137700,0.57405100
6.015037,0.74330900,0.50552100,0.23883200,0.21367200,0.41980400,0.61305400,0.69106000,0.68472300,0.65038700,0.60975800,0.58336700
6.052631,0.76868300,0.40823900,0.20976400,0.20527600,0.40624600,0.59505800,0.65067400,0.64707700,0.61690200,0.60240800,0.60338700
6.090225,0.64234100,0.35910600,0.24687800,0.31479800,0.41979300,0.49901400,0.56644200,0.57855600,0.58795700,0.61512800,0.62734600
6.127820,0.51429500,0.34676900,0.35438800,0.45022800,0.42587600,0.41606800,0.46417300,0.51421500,0.58557500,0.62633800,0.64579900
6.165413,0.47955400,0.37533200,0.49659100,0.52996500,0.43356300,0.39751100,0.37652700,0.47061000,0.56004500,0.62056400,0.63421200
6.203007,0.46473900,0.47157100,0.61513900,0.53528100,0.48016100,0.39111800,0.36816400,0.43129100,0.52098100,0.59279700,0.58312900
6.240601,0.45393600,0.60054200,0.65320800,0.54801400,0.51809500,0.40538300,0.40818400,0.43089700,0.50555900,0.51952900,0.51466200
6.278195,0.50642200,0.70774900,0.61690400,0.60735700,0.50761400,0.45498500,0.44858600,0.49275000,0.49591400,0.43939000,0.46303100
6.315789,0.61235600,0.73760400,0.61174600,0.65233900,0.50552400,0.49447300,0.51485500,0.56369400,0.47148800,0.41155000,0.47064500
6.353383,0.72428800,0.67733100,0.67770300,0.63015000,0.53447800,0.52527700,0.60934200,0.58062700,0.45132500,0.45174300,0.53090300
6.390977,0.79167600,0.62895600,0.75941200,0.58970000,0.54811700,0.59406700,0.68148300,0.54542000,0.46603400,0.54115800,0.58114200
6.428571,0.76001000,0.67129900,0.78459000,0.58318800,0.56096300,0.69253900,0.68174100,0.50696400,0.53468100,0.62893500,0.57994300
6.466165,0.65833600,0.77232900,0.72353500,0.57220500,0.62283100,0.77355800,0.61732700,0.51837700,0.63236100,0.66297900,0.54942400
6.503759,0.61846700,0.87737900,0.64614200,0.56121600,0.72212800,0.78338200,0.54884700,0.59084300,0.71016700,0.63687800,0.54637200
6.541353,0.67719700,0.92972000,0.59068900,0.60368600,0.82044400,0.70477900,0.54478000,0.68594500,0.72417100,0.60067600,0.59576000
6.578947,0.78662900,0.87012100,0.54343200,0.69361300,0.87173600,0.60127700,0.60963000,0.75777400,0.68534600,0.59763000,0.66104700
6.616541,0.90728600,0.71612700,0.54723500,0.79706300,0.82428700,0.55900800,0.69734700,0.76854400,0.65267800,0.63706700,0.69728000
6.654135,1.00855600,0.56316300,0.61332500,0.88066500,0.70018000,0.59591500,0.76523400,0.72982300,0.64068100,0.68556500,0.70464200
6.691729,1.04044500,0.47866800,0.70549800,0.90290300,0.60583800,0.66477400,0.78596700,0.70155400,0.65114300,0.71268600,0.71574900
6.729323,0.92241300,0.48795400,0.78561800,0.83693700,0.57828100,0.71799600,0.76512500,0.68257700,0.67380900,0.72001600,0.72120500
6.766917,0.65185900,0.54792100,0.81920200,0.72179900,0.59089000,0.73977700,0.72918500,0.64719200,0.69638300,0.71853000,0.69343900
6.804511,0.42100100,0.59687800,0.80225800,0.62040200,0.59968300,0.74468000,0.69230300,0.62188000,0.70100900,0.70978000,0.65562600
6.842104,0.33112000,0.59523200,0.77114500,0.53050700,0.59865700,0.71681200,0.63483600,0.62204400,0.67125700,0.68060100,0.62898400
6.879699,0.31473100,0.57518800,0.71867300,0.45538600,0.61275400,0.65210500,0.56833500,0.62765000,0.64706600,0.63252800,0.61013900
6.917293,0.33827300,0.59879100,0.62947800,0.44705700,0.64783000,0.61677200,0.54812800,0.63031600,0.65761600,0.60339900,0.61576100
6.954887,0.39802300,0.66372700,0.55416300,0.50011600,0.68647600,0.62528500,0.58455700,0.63594800,0.67511900,0.60869700,0.65798000
6.992481,0.47457200,0.74075200,0.52376300,0.57808300,0.69831800,0.62966600,0.64068600,0.66603300,0.67367600,0.63001100,0.71428800
7.030074,0.55382900,0.80362300,0.51291500,0.65874000,0.68961900,0.62190300,0.68118100,0.71787600,0.66778500,0.66778400,0.75310500
7.067669,0.63105000,0.82002900,0.52678400,0.73156700,0.70328900,0.63990400,0.69630400,0.76165900,0.67080800,0.72390900,0.75751000
7.105263,0.70506400,0.76810700,0.57440200,0.78624100,0.73744000,0.68489800,0.71613800,0.77173500,0.68203700,0.78158400,0.73659300
7.142857,0.77608600,0.69723500,0.63948800,0.80446700,0.75435900,0.72935400,0.76077300,0.75504000,0.71246800,0.81818000,0.71453100
7.180451,0.84416800,0.66781100,0.70720800,0.78482700,0.73754500,0.75001500,0.81505600,0.73405900,0.76336600,0.81704700,0.72302200
7.218045,0.90690600,0.66047400,0.77159400,0.77453200,0.72522000,0.75169600,0.85421300,0.72117000,0.81945000,0.79111300,0.76259500
7.255639,0.95498000,0.65001500,0.83017800,0.80067000,0.74506500,0.76956200,0.85676800,0.73345000,0.86157200,0.76820700,0.80708400
7.293232,0.96505600,0.65818500,0.87407000,0.84115500,0.77684300,0.81365500,0.82564300,0.77364600,0.86882400,0.76446500,0.83314900
7.330826,0.90812700,0.69555000,0.88368100,0.86383100,0.79234300,0.86823900,0.78214300,0.82587300,0.84304900,0.78554000,0.83819800
7.368421,0.81463800,0.74673100,0.85315900,0.84649300,0.78656800,0.91606800,0.75423700,0.87306300,0.82207400,0.81461000,0.83860000
7.406014,0.76750600,0.80054100,0.82792100,0.81379300,0.79202900,0.93575200,0.76630100,0.89763300,0.81328100,0.83508600,0.84205500
7.443608,0.77303800,0.85413000,0.84324800,0.80785000,0.82591100,0.90679400,0.80574700,0.88967700,0.80390500,0.84582100,0.83277600
7.481203,0.78419600,0.90359000,0.88507100,0.81807700,0.87556300,0.84513700,0.85010200,0.86591200,0.79961400,0.83884800,0.80391600
7.518797,0.77275100,0.93773700,0.93204100,0.81481000,0.92748900,0.79620100,0.88102300,0.85149300,0.80433800,0.81946000,0.77424800
7.556391,0.76213900,0.93658200,0.96374000,0.80167700,0.96979200,0.78695000,0.89031200,0.83569900,0.81318300,0.81097600,0.76704000
7.593984,0.77945600,0.89581500,0.95552300,0.81151700,0.98119600,0.80760500,0.88842500,0.79802200,0.81437900,0.81521100,0.77814100
7.631578,0.81627500,0.86287100,0.90833200,0.84757800,0.94124700,0.82976100,0.87221500,0.76516200,0.80994400,0.81700600,0.79502800
7.669173,0.86106700,0.87226100,0.86404500,0.89334200,0.87632600,0.83482100,0.83645100,0.76755600,0.81410200,0.81490600,0.82315400
7.706767,0.90845400,0.91009300,0.83165500,0.93487100,0.83280100,0.83139800,0.81358700,0.79760300,0.83666400,0.81871600,0.86196100
7.744360,0.95193900,0.95897200,0.80339600,0.95912700,0.80274800,0.83645100,0.81466500,0.83308800,0.86693100,0.82715300,0.89902300
7.781955,0.97898600,1.00932900,0.80154700,0.95631900,0.77312900,0.85282500,0.81603500,0.85558400,0.88793300,0.83867000,0.92016100
7.819549,0.96895800,1.05013600,0.82830500,0.93812600,0.76216400,0.86791800,0.81448200,0.86283700,0.89017300,0.86291800,0.91783400
7.857142,0.92080500,1.05905000,0.86161600,0.91053200,0.77992200,0.86817500,0.82939800,0.87462600,0.88263600,0.89899000,0.90187300
7.894736,0.88476100,1.00283500,0.87907600,0.86466600,0.81356500,0.86772600,0.86029600,0.90022400,0.87496400,0.93577000,0.88780200
7.932330,0.89134800,0.88775700,0.87038800,0.82668800,0.85119000,0.88261600,0.89224300,0.93103000,0.87198500,0.96072400,0.88714400
7.969924,0.92456100,0.79470100,0.85984400,0.81578500,0.88919700,0.90198800,0.91061300,0.95476100,0.88422200,0.96202600,0.90355700
8.007519,0.96620800,0.76524700,0.87375300,0.81557800,0.92332200,0.90772600,0.91235800,0.95878700,0.91319100,0.94514200,0.92448600
8.045113,1.00641100,0.76716100,0.90580700,0.82256500,0.94414100,0.90077700,0.91690100,0.94410800,0.94858900,0.93369200,0.93941300
8.082706,1.03429200,0.77611700,0.94135400,0.84260700,0.94316300,0.90516100,0.93681700,0.92164900,0.97910700,0.92867700,0.94820400
8.120299,1.03266700,0.79647200,0.96682900,0.87125100,0.93433700,0.92607000,0.96561500,0.90628800,0.99348700,0.92413200,0.94609000
8.157894,0.99991200,0.82756400,0.96673600,0.90171000,0.94122500,0.94822000,0.99544300,0.91426000,0.98706700,0.92379800,0.93627500
8.195488,0.96616700,0.86150700,0.94127600,0.93192600,0.96231800,0.95606700,1.01582400,0.94067100,0.97270200,0.92902000,0.93285900
8.233082,0.93250100,0.89360700,0.92245800,0.96264500,0.98361100,0.95150100,1.01219900,0.97144600,0.96442300,0.93599300,0.93676100
8.270677,0.87472500,0.92426100,0.92274600,0.99048700,0.98986600,0.95623200,0.98380000,0.99421300,0.95353700,0.93866700,0.93847800
8.308270,0.81921700,0.95530600,0.92445800,1.00677000,0.97930800,0.97640400,0.95340100,1.00249500,0.93067900,0.93961900,0.93775700
8.345864,0.80590200,0.98654300,0.92285400,1.00244400,0.97451300,1.00313400,0.94175700,1.00132500,0.91426300,0.94724200,0.94113700
8.383458,0.82523600,1.01692500,0.93031300,0.98848000,0.98372800,1.03051700,0.95097900,0.99047900,0.92025900,0.96557000,0.94728800
8.421052,0.85645800,1.04431700,0.94877300,0.98952600,0.99091900,1.05206500,0.96745500,0.96904600,0.94188600,0.98625600,0.95618100
8.458646,0.88931900,1.06199800,0.97158400,1.00744500,0.98648600,1.05427600,0.97684100,0.95658900,0.96549700,0.99856300,0.97450300
8.496240,0.92031200,1.05703700,0.99497200,1.03287300,0.98459400,1.03024200,0.98017700,0.95869600,0.98087700,0.99881400,1.00066000
8.533834,0.94829100,1.02764400,1.01973200,1.05697600,0.99727300,0.99995300,0.98655000,0.96167600,0.98925100,0.99431000,1.02711600
8.571428,0.97254000,1.00435600,1.04341800,1.06811100,1.01991000,0.98033400,0.99742200,0.96331200,1.00289000,0.99018600,1.04516900
8.609021,0.99307900,1.00542000,1.05753400,1.05742300,1.04246000,0.96232400,1.00679500,0.97442000,1.02412300,0.99071800,1.04689400
8.646616,1.01259300,1.01639800,1.05210200,1.03715200,1.05583300,0.94877100,1.00759800,0.99471600,1.04485800,1.00271300,1.03872400
8.684210,1.03414500,1.02009200,1.03518300,1.02108900,1.05558800,0.95355200,1.00639200,1.01492400,1.05624800,1.02425500,1.03475300
8.721804,1.05782000,1.01635100,1.03168200,1.00784800,1.04763900,0.97360500,1.01350500,1.02630200,1.05318700,1.04774500,1.03150400
8.759398,1.08220700,1.01898700,1.04508800,1.00641200,1.03704100,0.99938400,1.02414600,1.02972300,1.04039900,1.06576200,1.02586200
8.796992,1.10529200,1.03101900,1.06562700,1.01856900,1.01848300,1.02566800,1.02925800,1.03835300,1.02662100,1.07193000,1.02303400
8.834586,1.12357200,1.04725600,1.08880000,1.03196100,1.00029600,1.04929000,1.02771500,1.05668200,1.02269400,1.06758700,1.02520200
8.872180,1.13002100,1.06341600,1.11147100,1.03540300,0.99505000,1.06513600,1.03108800,1.07868900,1.03295900,1.06186000,1.02862000
8.909773,1.11326500,1.07889500,1.12529300,1.02870400,0.99639500,1.06701100,1.04353800,1.09690700,1.05096900,1.05735700,1.03109500
8.947368,1.07858500,1.08965200,1.11386800,1.02540500,1.00069900,1.05968100,1.05628300,1.10266100,1.06787300,1.04633500,1.03429800
8.984962,1.05885900,1.08533000,1.06915100,1.03312300,1.01345100,1.05984300,1.06129400,1.09012400,1.07754400,1.03186200,1.04423700
9.022555,1.06509700,1.06827900,1.02367400,1.04939900,1.03300800,1.07075700,1.06320000,1.06919200,1.08133600,1.02841700,1.06094600
9.060150,1.08384500,1.06130700,1.00599500,1.06839000,1.05516400,1.08337200,1.07332500,1.05695600,1.07924900,1.03873100,1.07688400
9.097744,1.10154400,1.07169300,1.00550000,1.08182600,1.07762700,1.08986400,1.09163500,1.05669400,1.06916000,1.05451800,1.08498200
9.135338,1.10817300,1.09065800,1.01273200,1.08181800,1.09875600,1.08735600,1.11218800,1.06189200,1.06326300,1.06710100,1.08529500
9.172933,1.10464100,1.10969300,1.02779400,1.07262500,1.11550700,1.08447400,1.12966700,1.06539000,1.06855600,1.07396100,1.08242200
9.210526,1.10578500,1.12081900,1.04705600,1.07024300,1.12165700,1.08742300,1.13689500,1.06827000,1.07566900,1.08232600,1.08196500
9.248120,1.11611800,1.11757200,1.06531000,1.07441900,1.11498300,1.08971900,1.12748900,1.07565800,1.07850500,1.09647000,1.08907200
9.285713,1.12791300,1.10388500,1.08123400,1.07603200,1.10819300,1.09039300,1.10781800,1.08785300,1.08272700,1.11237400,1.10193500
9.323307,1.13169800,1.09566300,1.09713300,1.07827200,1.11292400,1.09731400,1.09080100,1.09932100,1.09142700,1.12378400,1.11591000
9.360902,1.11774200,1.09294200,1.11242500,1.08769700,1.12665500,1.11097400,1.07787900,1.10431100,1.10080100,1.12586600,1.12619200
9.398496,1.09154800,1.08129000,1.12551200,1.10258900,1.14050600,1.12718200,1.07049200,1.10703300,1.10711300,1.12042200,1.13019400
9.436090,1.07660800,1.06376000,1.13796300,1.12050800,1.14669400,1.14042300,1.07394600,1.11486200,1.11237400,1.11564300,1.12965600
9.473684,1.07958100,1.05967800,1.14782500,1.13923800,1.14169900,1.14561400,1.08548100,1.12550900,1.12162800,1.12040100,1.12661700
9.511277,1.08790300,1.07096600,1.14768400,1.15482600,1.13003900,1.14535800,1.10131400,1.13229900,1.13536300,1.13297000,1.12079100
9.548872,1.09259200,1.08893000,1.13670900,1.16159600,1.12016900,1.14314800,1.11863900,1.13489400,1.15109400,1.14446100,1.11354300
9.586466,1.09777100,1.10792400,1.12976600,1.15859000,1.11770600,1.13659900,1.13490800,1.13904100,1.16294100,1.14890200,1.11188900
9.624060,1.11015500,1.12574900,1.13467900,1.15769300,1.12524300,1.12757400,1.14639500,1.14379400,1.16397400,1.14852000,1.12054800
9.661654,1.12732000,1.14182700,1.14295100,1.16626300,1.13595000,1.12198400,1.15091700,1.14593400,1.15654300,1.14530000,1.13479900
9.699247,1.14422400,1.15725800,1.14553300,1.17898400,1.14083900,1.12097500,1.15450600,1.14896500,1.15155000,1.14010000,1.14751300
9.736841,1.15807000,1.17264200,1.14515800,1.19126800,1.13919100,1.12576000,1.16295100,1.15832500,1.15183400,1.13985600,1.15635200
9.774436,1.17030000,1.18604500,1.15129700,1.20186200,1.14117400,1.13648400,1.17451100,1.17118200,1.15432300,1.14554300,1.16591600
9.812029,1.18165800,1.19650000,1.16503800,1.20379400,1.15125000,1.14886500,1.18417100,1.18226500,1.15746200,1.15100400,1.17776100
9.849624,1.18628600,1.20508700,1.18152500,1.18673800,1.16597800,1.16090300,1.18816900,1.18904200,1.16327700,1.15612700,1.18731700
9.887218,1.17644200,1.20945000,1.19525100,1.15769000,1.18048100,1.17402500,1.19017000,1.18910000,1.17153400,1.16548500,1.19069000
9.924811,1.15638600,1.20714100,1.20048200,1.13859700,1.18948800,1.18641800,1.19244700,1.18370100,1.17837800,1.17755900,1.18734500
9.962406,1.14571200,1.19796600,1.19762300,1.13416800,1.19092500,1.19388500,1.19249400,1.17760900,1.18133800,1.18737100,1.18226000
9.999999,1.15101500,1.18711300,1.19839300,1.14067600,1.19178900,1.19808400,1.19312700,1.17323100,1.18420600,1.19490200,1.18357400
10.037590,1.16471800,1.18684600,1.20829700,1.15472500,1.19657800,1.20614600,1.19689200,1.17334500,1.19185500,1.20434100,1.19192800
10.075190,1.18054600,1.19732200,1.22216400,1.17164300,1.20101700,1.21814000,1.20354400,1.18047500,1.20083700,1.21585200,1.20076600
10.112780,1.19568800,1.21078700,1.23286800,1.18845800,1.20382200,1.22885400,1.20958900,1.19268200,1.20510500,1.22687000,1.20647000
10.150380,1.20995000,1.22096600,1.23486400,1.20348500,1.20953800,1.23406000,1.21159600,1.20765700,1.20655400,1.23273700,1.21077300
10.187970,1.22484100,1.22641100,1.23081700,1.21538200,1.22013600,1.23145800,1.21068500,1.22270400,1.21102800,1.22991600,1.21381200
10.225560,1.24091000,1.23183100,1.22839300,1.22546300,1.23141400,1.22382000,1.20877900,1.23444800,1.21706700,1.22402800,1.21706100
10.263160,1.25774700,1.23721200,1.22462300,1.23584200,1.23747500,1.22032300,1.20826400,1.24053000,1.22434800,1.22118200,1.22356700
10.300750,1.27482000,1.23711900,1.21592500,1.24366900,1.23709300,1.22532900,1.21241100,1.24337600,1.23579400,1.22170600,1.23131300
10.338350,1.29098600,1.23089800,1.20847200,1.24612300,1.23672100,1.23392400,1.22086300,1.24641500,1.24943300,1.22587300,1.23792800
10.375940,1.30299200,1.22630500,1.20734300,1.24883700,1.24306200,1.24092500,1.23220900,1.24977300,1.26029100,1.23338300,1.24531700
10.413530,1.30440700,1.22731000,1.21258200,1.25689200,1.25426500,1.24745900,1.24593700,1.25200800,1.26475800,1.24106300,1.25294700
10.451130,1.29263700,1.22983100,1.22334200,1.26696300,1.26583700,1.25424000,1.25922400,1.25343500,1.26429800,1.24668100,1.25833700
10.488720,1.27895000,1.23523900,1.23749900,1.27646900,1.27311600,1.26031800,1.26905000,1.25511700,1.26276500,1.25291300,1.26348800
10.526310,1.27185200,1.24678600,1.25346500,1.28708600,1.27113000,1.26672000,1.27530000,1.25817600,1.26367200,1.26231600,1.27073400
10.563910,1.27157000,1.26245700,1.27015600,1.29794800,1.26266800,1.27168500,1.28045200,1.26561000,1.26852200,1.27231200,1.27830200
10.601500,1.27756400,1.27929900,1.28638500,1.30468200,1.25718900,1.27404400,1.28809400,1.27522600,1.27498000,1.28067100,1.28320500
10.639100,1.28302700,1.29509400,1.30043100,1.30324600,1.26021000,1.27632600,1.29884600,1.28299000,1.28108800,1.28885600,1.28550900
10.676690,1.28027100,1.30695100,1.30946800,1.29796200,1.27056100,1.28122200,1.30924200,1.28957400,1.28751900,1.29709800,1.28727500
10.714280,1.27224400,1.31136300,1.31111800,1.29776100,1.28501300,1.29017000,1.31411700,1.29640700,1.29466500,1.30646400,1.28922800
10.751880,1.26957600,1.31099300,1.31009100,1.30014400,1.30139000,1.30163100,1.31280500,1.30311500,1.30204400,1.31739800,1.29425600
10.789470,1.27510900,1.31536300,1.31364600,1.29875400,1.31758200,1.31244700,1.30991300,1.30966000,1.30820000,1.32570100,1.30300100
10.827070,1.28670100,1.32644800,1.32071200,1.29772600,1.33144300,1.31993100,1.30866300,1.31621700,1.31167800,1.32751900,1.31278300
10.864660,1.30169900,1.33936600,1.32680900,1.30061200,1.34106200,1.32529300,1.31123500,1.32395000,1.31470500,1.32396500,1.32210900
10.902250,1.31544700,1.34877500,1.32987800,1.30462900,1.34747600,1.33006900,1.31737700,1.33272900,1.32038200,1.32080800,1.33034500
10.939850,1.32347800,1.35243800,1.32960300,1.31096000,1.35286000,1.33184200,1.32314300,1.34147700,1.32870500,1.32247600,1.33692200
10.977440,1.32681800,1.35017400,1.32896700,1.32087800,1.35528500,1.33086300,1.32701600,1.34901200,1.33650500,1.32857800,1.34341500
11.015040,1.33084000,1.34228800,1.33198200,1.33394000,1.35382400,1.33316700,1.33247400,1.35276900,1.34274800,1.33577000,1.35079100
11.052630,1.33504900,1.33566200,1.34128900,1.34733100,1.35155300,1.34114900,1.34062500,1.35102200,1.34892900,1.34139900,1.35615400
11.090220,1.33668100,1.33704000,1.35426200,1.35600400,1.34988700,1.35149500,1.34894300,1.34786300,1.35602900,1.34440600,1.35673600
11.127820,1.33954700,1.34263200,1.36617500,1.35784300,1.34573100,1.36074800,1.35564600,1.34909200,1.36343300,1.34673800,1.35538700
11.165410,1.34645500,1.34951200,1.37583100,1.35693100,1.34014900,1.36873500,1.36107700,1.35417700,1.36862000,1.35068400,1.35564400
11.203010,1.35420400,1.35779100,1.38345800,1.35750000,1.34000300,1.37605600,1.36502800,1.35718300,1.37078700,1.35674000,1.35759900
11.240600,1.36078800,1.36440400,1.38709600,1.36079400,1.34548900,1.38184400,1.36567300,1.35537100,1.37211600,1.36380300,1.36027000
11.278190,1.36853100,1.36950700,1.38560100,1.36786500,1.35485700,1.38521300,1.36439100,1.35536000,1.37396000,1.37207400,1.36343400
11.315790,1.37851100,1.37595200,1.38290600,1.37869600,1.36832500,1.38649300,1.36855700,1.36336700,1.37675200,1.38216500,1.36751600
11.353380,1.38998700,1.38030300,1.38317400,1.39176200,1.38319500,1.38843700,1.38037300,1.37699200,1.38116500,1.39259000,1.37423700
11.390980,1.40371800,1.37964700,1.38415100,1.40617300,1.39557000,1.39294900,1.39584900,1.39289500,1.38857300,1.40350900,1.38471400
11.428570,1.41890100,1.38096900,1.38652700,1.42089500,1.40357100,1.39781900,1.41198700,1.40875300,1.39856600,1.41493400,1.39789700
11.466160,1.43303300,1.38994600,1.39587100,1.43315100,1.40924300,1.40151500,1.42818400,1.42226000,1.40780700,1.42557900,1.41243500
11.503760,1.44590500,1.40403900,1.41130500,1.44213800,1.41676200,1.40800500,1.44295700,1.43234900,1.41480200,1.43375600,1.42790800
11.541350,1.46069800,1.42040200,1.42894500,1.45056200,1.42803000,1.41945900,1.45344400,1.43997000,1.42374400,1.43903100,1.44362200
11.578950,1.47828700,1.43799500,1.44611100,1.46014200,1.44171200,1.43388700,1.45911000,1.44786000,1.43695200,1.44429200,1.45853200
11.616540,1.49657800,1.45629700,1.46062700,1.46874400,1.45736000,1.45029100,1.46394500,1.45817000,1.45217300,1.45349900,1.47230600
11.654130,1.51340500,1.47442400,1.47188500,1.47546500,1.47551200,1.46756500,1.47048400,1.47140400,1.46837900,1.46595700,1.48412000
11.691730,1.52607600,1.49067200,1.48291400,1.48069800,1.49531700,1.48370600,1.47710900,1.48704500,1.48570400,1.47663300,1.49292100
11.729320,1.53044900,1.50399000,1.49422900,1.48258500,1.51518200,1.49650500,1.48300700,1.50307200,1.50270400,1.48349700,1.49910600
11.766920,1.52502400,1.51543100,1.50164500,1.48446500,1.53328800,1.50446400,1.49044100,1.51703200,1.51685800,1.49130200,1.50518800
11.804510,1.51538300,1.52598300,1.50644700,1.49329400,1.54899100,1.51125500,1.50150800,1.52767600,1.52816800,1.50383000,1.51303300
11.842100,1.51228800,1.53914900,1.51364100,1.50994100,1.56259000,1.52273400,1.51598900,1.53721600,1.53931300,1.52133200,1.52412400
11.879700,1.51948300,1.55813600,1.52396800,1.53119700,1.57047500,1.53929300,1.53400200,1.54899500,1.55214700,1.54204200,1.53795900
11.917290,1.53524700,1.58116900,1.53813600,1.55370000,1.57028400,1.55870600,1.55442500,1.56087600,1.56684600,1.56275500,1.55232800
11.954890,1.55433900,1.60484600,1.55750600,1.57601800,1.56995100,1.57904600,1.57431500,1.56943600,1.58226800,1.58139600,1.56588400
11.992480,1.57084000,1.62491100,1.58046600,1.59717700,1.57489500,1.59993800,1.59177100,1.57637600,1.59497000,1.59873600,1.57940400
12.030070,1.58477500,1.63699700,1.60350500,1.61270100,1.57989300,1.62164600,1.60546100,1.58607300,1.60324400,1.61611600,1.59321500
12.067670,1.60066600,1.64112300,1.62408000,1.61737500,1.58529800,1.64208800,1.61571400,1.59957100,1.60993600,1.63185500,1.60715200
12.105260,1.61858200,1.64082800,1.64305500,1.61614200,1.59589200,1.65832100,1.62599100,1.61554600,1.61952200,1.64412200,1.62176800
12.142860,1.63273000,1.63701200,1.66359400,1.62346300,1.61172800,1.66831100,1.63915200,1.63225500,1.63197400,1.65409100,1.63902400
12.180450,1.63681700,1.63705200,1.68664300,1.64179100,1.63229900,1.67536000,1.65571300,1.64888800,1.64483300,1.66199200,1.65812100
12.218040,1.63590400,1.64973000,1.70821600,1.66355000,1.65586100,1.68359200,1.67645700,1.66617000,1.65954500,1.66813400,1.67903500
12.255640,1.63842200,1.67275800,1.72493000,1.68454200,1.68026000,1.68876200,1.69993900,1.68503900,1.67751300,1.67763700,1.70233300
12.293230,1.65039700,1.70033600,1.73698400,1.70395900,1.70467500,1.68841200,1.72360200,1.70598300,1.69780700,1.69306400,1.72655000
12.330830,1.67175700,1.72618400,1.74407300,1.72050400,1.72502100,1.68809400,1.74189100,1.72736600,1.71803600,1.70868900,1.74586800
12.368420,1.69474300,1.74424700,1.74779200,1.73275000,1.73707300,1.69549700,1.74847500,1.74561600,1.73389200,1.71735200,1.75262400
12.406010,1.70889400,1.74727100,1.75027500,1.74206700,1.74418300,1.71144700,1.75028500,1.75970800,1.74210000,1.72327100,1.74880100
12.443610,1.71160900,1.73976000,1.74875100,1.75759200,1.75408100,1.72509500,1.75611300,1.77229000,1.74371600,1.73517200,1.74404700
12.481200,1.72070200,1.73607300,1.74337600,1.78405300,1.76761300,1.73292900,1.76099700,1.78257200,1.75277400,1.75205300,1.74301500
12.518800,1.74911100,1.73865000,1.73029800,1.81355000,1.77958100,1.74633600,1.76437700,1.78637800,1.77440000,1.76955800,1.74555300
12.556390,1.79032800,1.74806600,1.72088800,1.83806700,1.79333700,1.76774500,1.77095700,1.78354700,1.79815500,1.78779100,1.75690800
12.593980,1.83375800,1.76435900,1.73918100,1.85787200,1.81270200,1.79379900,1.78160100,1.78896200,1.81775700,1.80745400,1.77714000
12.631580,1.87003000,1.78658800,1.78245400,1.86843800,1.82997700,1.82068600,1.80164500,1.80966400,1.83615200,1.82608700,1.80042900
12.669170,1.89870000,1.81929400,1.83582400,1.85687300,1.85156200,1.84478100,1.82748400,1.83179300,1.85742200,1.84669700,1.82680800
12.706770,1.93553900,1.85748500,1.88568100,1.83493500,1.88663600,1.87169700,1.84779000,1.84733200,1.88333400,1.87328500,1.85771500
12.744360,1.98804200,1.88021800,1.91982100,1.83535900,1.92471600,1.90415800,1.86475700,1.86774800,1.90950000,1.90394700,1.89475400
12.781950,2.04651800,1.87882300,1.93868100,1.86280500,1.95641500,1.94193700,1.89374300,1.90180200,1.93182000,1.93748600,1.93929900
12.819550,2.09384300,1.88490300,1.95710100,1.90772900,1.97835500,1.98998700,1.93766800,1.94425100,1.94500500,1.97270900,1.98457500
12.857140,2.11288900,1.92582300,1.98394500,1.95688900,1.98649000,2.04360100,1.98371100,1.99097100,1.95625600,2.00421000,2.02148300
12.894740,2.11397700,1.99201300,2.01762900,2.00452900,1.99405700,2.09170400,2.02331800,2.04016500,1.98392900,2.03396700,2.05447000
12.932330,2.12255600,2.06411400,2.04867000,2.04625000,2.02055100,2.12415400,2.06034000,2.08166900,2.02481500,2.06463700,2.08632500
12.969920,2.11099900,2.12300200,2.06716400,2.06659700,2.05281200,2.13440900,2.09600400,2.10186500,2.06189200,2.08387000,2.10235900
13.007520,2.04442900,2.15225700,2.06300000,2.06036900,2.07168300,2.10795400,2.11809500,2.08817200,2.07629200,2.07717300,2.09208600
13.045110,1.95908400,2.15007000,2.04140000,2.03466700,2.06818600,2.04212800,2.12010400,2.04376100,2.06106900,2.04076900,2.05459300
13.082710,1.90787700,2.13175200,2.02473100,1.99661100,2.03161700,1.95860400,2.10142400,1.99641000,2.02789700,1.98622400,1.99265500
13.120300,1.89652200,2.09856500,1.99951900,1.94902900,1.96604600,1.88820800,2.05995000,1.96261400,1.98037600,1.92358700,1.91981900
13.157890,1.88450300,2.03089200,1.95455600,1.91926600,1.90561500,1.84455200,1.97683200,1.92426200,1.92435500,1.86893400,1.86770200
13.195490,1.82666700,1.94050000,1.92376800,1.91758100,1.85289900,1.79843500,1.85510300,1.88513700,1.89637600,1.84334200,1.84277700
13.233080,1.73010300,1.88731800,1.91226400,1.90995800,1.77596700,1.74543400,1.76520200,1.85955500,1.88854000,1.82938400,1.82993100
13.270670,1.66396700,1.89395200,1.89786100,1.85748600,1.69469400,1.73418200,1.73724400,1.82058000,1.85773300,1.81955200,1.82317100
13.308270,1.65952000,1.92436400,1.83375800,1.78590300,1.67287200,1.76924800,1.72779800,1.76293200,1.81335200,1.82128900,1.79605700
13.345860,1.69093200,1.90495100,1.69366500,1.77355200,1.71119300,1.80044200,1.69241200,1.73488100,1.77227000,1.81096100,1.74106500
13.383460,1.73276000,1.76880900,1.56176100,1.81488700,1.77526000,1.78373700,1.65379100,1.74650800,1.70799000,1.77869100,1.70807900
13.421050,1.75568500,1.55242800,1.52775200,1.84661200,1.81186900,1.74387600,1.65050600,1.74408600,1.62788500,1.75116100,1.72237600
13.458640,1.73640700,1.38213900,1.56769000,1.82277700,1.79601000,1.72868700,1.66396900,1.69799400,1.57740800,1.73698400,1.73995900
13.496240,1.65081000,1.31736700,1.63410400,1.71798500,1.77768200,1.73281700,1.66096400,1.63506000,1.57878400,1.71030900,1.71375500
13.533830,1.53136800,1.33338600,1.70490100,1.55039400,1.78235400,1.72681000,1.64689100,1.59293700,1.61938400,1.64279600,1.65115900
13.571430,1.48964800,1.41129400,1.75188600,1.41565300,1.76972200,1.68694100,1.65128100,1.59323900,1.66434400,1.54687200,1.60876800
13.609020,1.54409700,1.52683100,1.73036100,1.37553100,1.70868800,1.61722000,1.67870900,1.62114300,1.68019200,1.47779500,1.60764100
13.646620,1.63323300,1.64314400,1.67503600,1.41079500,1.61496000,1.55116700,1.70774500,1.64222400,1.66178700,1.48115500,1.61270400
13.684210,1.71233900,1.71135700,1.65008400,1.46861000,1.51104500,1.51024100,1.70512700,1.62473500,1.63175000,1.53659400,1.59450700
13.721800,1.74274500,1.68143800,1.62554900,1.51845500,1.41885900,1.49684200,1.65138200,1.56228300,1.60907900,1.59099200,1.55557800
13.759400,1.71540500,1.58250000,1.58575200,1.57052600,1.36675700,1.52979300,1.55207700,1.49186700,1.57325000,1.61005700,1.52805400
13.796990,1.66003800,1.53199500,1.53259300,1.61408300,1.34661900,1.59164000,1.43929200,1.46532700,1.51598300,1.58366600,1.50342600
13.834590,1.58032000,1.54996500,1.45606500,1.62622300,1.34664400,1.62093700,1.36814000,1.46806100,1.45872500,1.54543900,1.46025400
13.872180,1.47297700,1.56786800,1.38332700,1.61180700,1.37233500,1.55952100,1.35184000,1.46350600,1.40423700,1.50888500,1.41999600
13.909770,1.31210000,1.53726900,1.33417400,1.56068900,1.40615900,1.41239000,1.36595500,1.43279400,1.36271200,1.44308300,1.38192200
13.947370,1.14073600,1.41257800,1.26176900,1.43582200,1.41259200,1.24127600,1.37203800,1.35898400,1.33395200,1.35368800,1.32202900
13.984960,1.08257000,1.20643600,1.15355800,1.27089600,1.36704300,1.09719900,1.34196300,1.26075500,1.27223900,1.25763200,1.25634100
14.022560,1.15230000,1.03721100,1.10750600,1.17842800,1.30703500,1.01695300,1.27368600,1.19559100,1.17847500,1.15994600,1.21105300
14.060150,1.27302800,1.00945200,1.15613600,1.16262000,1.25789400,1.00613700,1.16653800,1.18171300,1.10560300,1.07321600,1.17936900
14.097740,1.35529900,1.09837700,1.23845100,1.15113700,1.17652700,1.02598800,1.05082400,1.17346400,1.06435400,1.02000100,1.16088500
14.135340,1.35192800,1.20746400,1.24796300,1.09466000,1.05206500,1.05532300,0.97945200,1.12987200,1.03314500,1.00106700,1.12996200
14.172930,1.29115300,1.25296400,1.09314900,0.99522700,0.95749400,1.09726500,0.94559700,1.03958200,1.01226000,0.99970100,1.05881900
14.210530,1.19157800,1.21076000,0.85417100,0.90304100,0.92982600,1.10804100,0.92191400,0.94411500,1.02146900,1.01238200,0.96993600
14.248120,1.02536300,1.12365200,0.70161100,0.83858200,0.92259600,1.05992700,0.91365300,0.88480800,1.05299800,1.02919300,0.89013500
14.285710,0.79866400,1.04232400,0.67040600,0.80847300,0.90113000,1.00318700,0.93678200,0.85442400,1.05181800,1.01969100,0.83232900
14.323310,0.59493700,0.97163800,0.73245500,0.79291500,0.86294800,0.98114500,0.96629700,0.83129800,0.99072800,0.96813000,0.80882800
14.360900,0.51694600,0.89465300,0.84278600,0.76032300,0.83393000,0.98486200,0.97547700,0.82755800,0.89574100,0.90100700,0.84001000
14.398490,0.55652500,0.79908800,0.95244800,0.72912900,0.85152400,0.99695800,0.97650000,0.84993400,0.80316000,0.84450000,0.89908200
14.436090,0.63446400,0.68460300,1.01945000,0.74159800,0.90520100,0.97058600,0.96079700,0.88181600,0.73425300,0.79008300,0.94130600
14.473680,0.68473700,0.59048400,1.02443000,0.80418300,0.95679500,0.86712900,0.90548300,0.89624800,0.70389700,0.73434300,0.95187400
14.511280,0.70377000,0.53973100,0.98695900,0.88377000,0.97927500,0.72725300,0.83246900,0.87685300,0.70081400,0.70869800,0.92157000
14.548870,0.74247300,0.54167100,0.95618400,0.93912700,0.95314300,0.62712700,0.75016800,0.84492600,0.73030600,0.73302000,0.84583000
14.586460,0.81204600,0.59534700,0.94716500,0.94306500,0.86377200,0.59442400,0.67793000,0.80872300,0.79524700,0.78918400,0.75912600
14.624060,0.86712600,0.67304600,0.91562200,0.89095500,0.75039700,0.60714000,0.64298200,0.75670200,0.85839800,0.85092600,0.69707000
14.661650,0.87928600,0.72465500,0.85600200,0.82280900,0.65739300,0.64161800,0.64980500,0.70723200,0.88075800,0.90344400,0.66028200
14.699250,0.87209500,0.73863800,0.81338500,0.79948500,0.59815500,0.69863800,0.68666400,0.68753500,0.86157800,0.92112400,0.64761900
14.736840,0.85526300,0.77062800,0.77662000,0.83998800,0.56186200,0.76961000,0.73334600,0.69728400,0.81957800,0.87931400,0.65836800
14.774440,0.82385300,0.84871400,0.70709700,0.88686100,0.55080400,0.81136600,0.76316000,0.72578400,0.77080900,0.77138600,0.68815600
14.812030,0.78858900,0.93577900,0.61180300,0.87794000,0.57963500,0.78309200,0.75841200,0.76127300,0.72067000,0.62985100,0.72431000
14.849620,0.74482500,0.97957000,0.53418300,0.78205200,0.63640900,0.72291400,0.73272800,0.77201700,0.68911400,0.54203600,0.75424200
14.887220,0.70115900,0.95121800,0.50016900,0.64311500,0.68926900,0.70355900,0.70244900,0.75537200,0.67330300,0.54056900,0.78110200
14.924810,0.67988100,0.85676100,0.50548100,0.55613300,0.72897600,0.72997700,0.68032300,0.74036500,0.65078100,0.58329300,0.79160500
14.962400,0.69297800,0.73735900,0.52764700,0.55799300,0.76845300,0.75446200,0.68004800,0.71903700,0.62422900,0.63417000,0.76862100
15.000000,0.71518400,0.63158400,0.54008400,0.60907100,0.79727400,0.75459800,0.70436600,0.68022800,0.59244100,0.66772900,0.73001900
15.037590,0.69886600,0.55414100,0.55252700,0.64442900,0.80470900,0.73969500,0.73414400,0.65154700,0.57321300,0.67563100,0.68985000
15.075190,0.66288900,0.52332900,0.58484600,0.62663900,0.80442200,0.71218000,0.75592200,0.63947500,0.59821300,0.67748300,0.64732900
15.112780,0.67063400,0.54724500,0.62981700,0.57194500,0.80089800,0.68559300,0.75763000,0.63185800,0.65904700,0.69493900,0.62187000
15.150370,0.71955000,0.59682500,0.67938600,0.53880700,0.77840900,0.67989700,0.73455900,0.63972300,0.72242300,0.73153300,0.62075300
15.187970,0.77161900,0.63769600,0.72523200,0.55766300,0.73650900,0.69396400,0.71252300,0.66674400,0.76450200,0.77978300,0.63163700
15.225560,0.82108900,0.67807600,0.76675100,0.60398900,0.69116900,0.69611300,0.70876700,0.68876100,0.77608000,0.81509100,0.64844800
15.263160,0.85157500,0.72950100,0.80228100,0.64109200,0.64843500,0.65157200,0.70709700,0.68389100,0.76440800,0.82209000,0.66781500
15.300750,0.82993700,0.77736900,0.82632500,0.64978000,0.60728200,0.59176500,0.68817600,0.66697100,0.73225800,0.80778000,0.69124000
15.338350,0.76707600,0.79139900,0.83299000,0.64168600,0.59056200,0.56768900,0.64785400,0.65346100,0.69618400,0.76136900,0.71903300
15.375940,0.68777600,0.76764500,0.83289700,0.64644500,0.59953600,0.58598900,0.59165000,0.63932300,0.68271100,0.67056300,0.74004600
15.413530,0.59592700,0.71644400,0.84128300,0.67568300,0.60496600,0.62932000,0.54064000,0.64090000,0.68179400,0.57695700,0.73068800
15.451130,0.51640700,0.64187900,0.83095300,0.73494000,0.59468200,0.68229500,0.51807000,0.65694100,0.66323400,0.52360200,0.68742500
15.488720,0.47644400,0.57725200,0.76736200,0.81387300,0.59467000,0.72748800,0.52648900,0.66438400,0.63074500,0.50514900,0.62970200
15.526320,0.46483700,0.54402300,0.66913000,0.88990200,0.62165000,0.74895400,0.55816700,0.67011400,0.61394600,0.50768100,0.58545900
15.563910,0.48435900,0.53557200,0.59010500,0.93812200,0.65349400,0.74165000,0.60641500,0.69518500,0.61941400,0.53664900,0.58091200
15.601500,0.53060500,0.54663300,0.54067700,0.91789200,0.66545900,0.70990900,0.65735600,0.72926200,0.63095700,0.58713400,0.60831000
15.639100,0.58534400,0.56188500,0.50114500,0.79392300,0.66004300,0.67324700,0.70293700,0.74580200,0.63955600,0.64014300,0.64004600
15.676690,0.61942000,0.57076800,0.47313100,0.62974000,0.65435600,0.63553900,0.74487000,0.72727200,0.63950000,0.67417300,0.65225800
15.714280,0.60742200,0.58150800,0.47658700,0.51770100,0.64422400,0.58695300,0.76803800,0.67854700,0.62464600,0.68056100,0.64349400
15.751880,0.57127700,0.60910700,0.51906500,0.47800000,0.63958700,0.54217000,0.75102200,0.61171500,0.59296300,0.67712200,0.63119200
15.789470,0.55062200,0.65731700,0.58756100,0.49267700,0.64280500,0.51238600,0.70072400,0.55050700,0.56582200,0.68439400,0.62515500
15.827070,0.54973500,0.70464900,0.65031600,0.52123300,0.63136000,0.50913700,0.65118400,0.52142800,0.55748100,0.69325500,0.62297300
15.864660,0.57659400,0.72903800,0.67006300,0.53081200,0.61625800,0.54113800,0.61934200,0.52894100,0.56912500,0.68514500,0.62716700
15.902260,0.62855900,0.72276600,0.63519400,0.52199100,0.62944000,0.59392300,0.60854300,0.55347100,0.59668200,0.66625300,0.63959800
15.939850,0.68179700,0.69797500,0.59437000,0.52654300,0.66547200,0.64473500,0.60539900,0.57763800,0.62997400,0.64712000,0.65353200
15.977440,0.71625200,0.67545200,0.58660500,0.55795500,0.69486600,0.67086700,0.59532000,0.59740800,0.66137100,0.63271600,0.66473700
16.015040,0.70854800,0.65153400,0.60043600,0.59221700,0.68573300,0.65974400,0.59022900,0.60699800,0.67653200,0.62332500,0.65637400
16.052630,0.64503500,0.62226200,0.61535500,0.59903100,0.62680500,0.63266100,0.59645500,0.60451700,0.66464200,0.60046800,0.61291900
16.090230,0.56777500,0.61446000,0.62510000,0.58190500,0.56365500,0.62033600,0.60352700,0.60342600,0.64285500,0.56170200,0.55982400
16.127820,0.53958300,0.62947400,0.62305700,0.56981400,0.53988200,0.62712000,0.59578800,0.61358100,0.62831900,0.53962500,0.52987800
16.165410,0.56663700,0.63425700,0.61814200,0.57081400,0.55217000,0.64226000,0.57594400,0.62352800,0.63084700,0.54376900,0.53026200
16.203010,0.60871400,0.59753200,0.63059300,0.57707800,0.57818500,0.65436400,0.56039100,0.63104800,0.63948100,0.56049500,0.55363500
16.240600,0.63696100,0.53214800,0.65045400,0.59257200,0.59676100,0.66336800,0.55437000,0.64296300,0.63159400,0.58725100,0.58416000
16.278190,0.65902700,0.49178100,0.66173900,0.62555000,0.59797000,0.66803100,0.55943600,0.64650300,0.61258500,0.61476800,0.61496800
16.315790,0.69474800,0.49732100,0.66578200,0.66804400,0.59567100,0.66078700,0.57433600,0.64348700,0.59448900,0.62846000,0.64715100
16.353380,0.73374900,0.53851200,0.67269800,0.70913200,0.59418700,0.64609300,0.59283200,0.64615400,0.57990900,0.63233500,0.67866900
16.390980,0.75566100,0.59459000,0.67723200,0.74107100,0.58873200,0.62923300,0.61963400,0.65383700,0.58497400,0.64660800,0.69128500
16.428570,0.76706800,0.64866300,0.67703300,0.74620200,0.58775600,0.61235100,0.65337000,0.66640000,0.61018100,0.66887000,0.67641900
16.466160,0.77759200,0.69063400,0.67254900,0.72233600,0.59350200,0.60962600,0.67368700,0.67326000,0.64066500,0.67383000,0.65827700
16.503760,0.77052900,0.70869500,0.64793000,0.69565200,0.61030700,0.62403800,0.66956700,0.66215000,0.66311900,0.65215700,0.65521900
16.541350,0.72482400,0.69759600,0.60682100,0.67338800,0.64117200,0.63129400,0.65808100,0.64077700,0.66925500,0.62517000,0.65929300
16.578950,0.63842000,0.68209900,0.57241800,0.65373400,0.68077100,0.60945500,0.65961300,0.62983000,0.65394300,0.61361200,0.65285900
16.616540,0.56778800,0.68552800,0.55377300,0.64345100,0.71175000,0.58348600,0.67425800,0.62852400,0.62088400,0.61950800,0.63381200
16.654130,0.54802400,0.69478100,0.54933300,0.63234900,0.71761600,0.58546300,0.69766300,0.61098900,0.58292100,0.63133700,0.61481200
16.691730,0.55164300,0.68309000,0.56508900,0.61876300,0.70413600,0.60174500,0.71417200,0.58137800,0.55989800,0.63937500,0.60410000
16.729320,0.56106300,0.64419700,0.60405200,0.60078000,0.69319600,0.60566300,0.70305500,0.56826800,0.56851600,0.65202400,0.60455900
16.766920,0.58181600,0.60089500,0.65109800,0.57144300,0.69928900,0.59533400,0.66830500,0.57172800,0.60358400,0.67126100,0.61441300
16.804510,0.61158000,0.58668800,0.68679400,0.54391200,0.71131800,0.58656100,0.63283600,0.58606200,0.65296700,0.67997000,0.62398600
16.842100,0.63339400,0.61531200,0.69441800,0.53574900,0.70432900,0.59610300,0.60525900,0.61411800,0.70344600,0.67323700,0.62375700
16.879700,0.62778700,0.67100900,0.66788900,0.55577100,0.67521300,0.62705500,0.59023500,0.65215000,0.73973400,0.66087700,0.61980900
16.917290,0.59052100,0.72854300,0.62709600,0.59584400,0.64338200,0.66757500,0.59404500,0.69212900,0.75246300,0.64831400,0.62520200
16.954890,0.55210700,0.76293300,0.59637600,0.63742600,0.62058900,0.70330100,0.60864700,0.72215700,0.73777300,0.63259300,0.64157200
16.992480,0.54435700,0.75184600,0.58634600,0.67014600,0.61414700,0.72659900,0.61896300,0.72801000,0.69466700,0.61946000,0.66173000
17.030080,0.56811000,0.68401200,0.60257000,0.69148100,0.61910300,0.73971600,0.62188800,0.71169200,0.64800900,0.61756700,0.67634500
17.067670,0.61297800,0.58524300,0.64256700,0.70464600,0.62365600,0.74291100,0.62689400,0.69045600,0.62319100,0.62657100,0.68796600
17.105260,0.66456400,0.51145200,0.68902900,0.70907800,0.61886800,0.72748900,0.63781000,0.67459600,0.61180400,0.63934900,0.70261300
17.142850,0.70856300,0.48612000,0.72242200,0.70509300,0.59454900,0.69797300,0.65096400,0.65890900,0.60149400,0.64319200,0.71619200
17.180450,0.73225200,0.49269400,0.73171800,0.70509300,0.56130700,0.66994200,0.66694800,0.64422100,0.59481700,0.64121700,0.71676000
17.218040,0.73139300,0.51710700,0.71964000,0.71061600,0.54563400,0.64896200,0.68254300,0.63279500,0.59988700,0.64884800,0.69508900
17.255640,0.70548900,0.55682900,0.69123600,0.70415500,0.55754200,0.63256900,0.68907800,0.62443800,0.61760800,0.67040500,0.66238700
17.293230,0.65697000,0.60652800,0.66074700,0.68499500,0.58776600,0.61995500,0.68359000,0.62145300,0.63981400,0.69279100,0.63073900
17.330830,0.61810000,0.65699600,0.64336100,0.66943300,0.62333200,0.62248400,0.67467900,0.62331600,0.65936800,0.69558700,0.60432800
17.368420,0.61231600,0.69878200,0.64740200,0.65277500,0.65261500,0.63472000,0.67100000,0.62782900,0.67437100,0.67428600,0.58821700
17.406010,0.63265000,0.72640800,0.66715800,0.63380900,0.66993800,0.63531700,0.66895300,0.63479800,0.68978300,0.64729500,0.58476900
17.443610,0.66811700,0.73971200,0.68129300,0.62559200,0.68088500,0.62429000,0.66590400,0.64407100,0.70386800,0.63335700,0.59347100
17.481200,0.71098600,0.73929500,0.67291000,0.62928900,0.69645600,0.61442500,0.65675100,0.65069200,0.69991800,0.63718000,0.61157700
17.518800,0.74991100,0.72875300,0.65396600,0.63453400,0.72211500,0.60986000,0.64212500,0.65294400,0.67080500,0.64817900,0.63924100
17.556390,0.77237700,0.71378600,0.64021300,0.63769400,0.74682900,0.61304900,0.63717700,0.65587500,0.63344600,0.65603100,0.67069500
17.593980,0.76884000,0.69546500,0.62479300,0.64302700,0.75744700,0.62584600,0.64412100,0.66156000,0.61245000,0.66058100,0.69572500
17.631580,0.73554600,0.66982600,0.60661800,0.65081300,0.75734400,0.63694700,0.65589400,0.66410000,0.61630400,0.66308400,0.70667500
17.669170,0.67686700,0.64637600,0.60035700,0.65131400,0.74899900,0.63907600,0.66575700,0.66327200,0.63238300,0.65821900,0.70140800
17.706770,0.61588600,0.63627000,0.61532700,0.64166300,0.72566100,0.64526700,0.66721600,0.66529200,0.64751200,0.64804500,0.68727800
17.744360,0.58890200,0.64220600,0.64051000,0.63378400,0.69416600,0.66801800,0.65797900,0.66811700,0.65829200,0.64393800,0.67134500
17.781950,0.59150700,0.65825600,0.66323900,0.63534800,0.66704000,0.69829200,0.64311200,0.66952900,0.66757500,0.64913300,0.65539500
17.819550,0.59735600,0.66448100,0.68420400,0.64350700,0.64362900,0.71882700,0.63152800,0.67415600,0.67740400,0.65582100,0.64489600
17.857140,0.59522500,0.65290000,0.70339900,0.64766900,0.61345400,0.72013000,0.63028300,0.67973900,0.69030000,0.65979100,0.64253500
17.894740,0.59499500,0.63774600,0.71355400,0.64315600,0.57701100,0.70724900,0.63763300,0.68042800,0.70428100,0.66432100,0.64945500
17.932330,0.60602800,0.63335600,0.70976500,0.63838200,0.55737900,0.69538900,0.64812400,0.67560300,0.71043500,0.67124700,0.66483000
17.969920,0.62021700,0.64007100,0.69711400,0.64626700,0.56232400,0.69017300,0.65480600,0.66708800,0.70121800,0.67843200,0.68148900
18.007520,0.62880200,0.65813500,0.68242700,0.66370600,0.58691300,0.68604800,0.66164700,0.65726400,0.67494700,0.67917900,0.69059600
18.045110,0.62964200,0.68839600,0.67752700,0.67441100,0.62381400,0.68132100,0.67542100,0.65082400,0.63937400,0.67281600,0.68706000
18.082710,0.62706600,0.72311000,0.68517300,0.66778000,0.66230400,0.67143300,0.68990800,0.64846700,0.61454200,0.66710100,0.67185400
18.120300,0.62026500,0.75624600,0.69316200,0.65291700,0.68866100,0.65862500,0.69737800,0.64614300,0.61377900,0.66990300,0.65208100
18.157890,0.60640800,0.78166400,0.68716700,0.64664900,0.69141000,0.64853100,0.69246700,0.64451500,0.63028400,0.67676400,0.63508700
18.195490,0.60367300,0.77878000,0.66203800,0.65653500,0.67568100,0.64595300,0.67884400,0.65200100,0.64896500,0.67445600,0.62892200
18.233080,0.62438500,0.72306600,0.63471500,0.68061500,0.66743400,0.64760300,0.67072600,0.66651600,0.66220900,0.66132000,0.63808200
18.270680,0.65748900,0.63609100,0.61631100,0.71066600,0.67767300,0.64196800,0.67360700,0.67789800,0.67239700,0.64770900,0.65464500
18.308270,0.69043600,0.57994500,0.60591500,0.73603800,0.69082500,0.63490000,0.68379500,0.68400600,0.68328000,0.63674900,0.67119100
18.345860,0.71888500,0.56725000,0.60525800,0.74513600,0.69437200,0.63425800,0.69006600,0.68549200,0.69369900,0.63506600,0.68573900
18.383460,0.74221400,0.57698900,0.60936700,0.73556500,0.68963000,0.63582500,0.68653900,0.68574300,0.69831200,0.64971100,0.69589400
18.421050,0.75774600,0.60299000,0.61142900,0.71722200,0.68752500,0.64088100,0.68179000,0.68941500,0.69675900,0.67501300,0.69910400
18.458640,0.76483200,0.63933000,0.61742700,0.69967900,0.69874000,0.65000200,0.67789100,0.69387900,0.69310100,0.69891500,0.69577300
18.496240,0.76550800,0.67475600,0.63531200,0.68231700,0.71899700,0.65705000,0.67005900,0.69438500,0.68303500,0.71345100,0.69077800
18.533830,0.75706600,0.69800700,0.65977800,0.66298600,0.73167800,0.66241200,0.66119800,0.68857500,0.66531900,0.71792100,0.68821300
18.571430,0.72440000,0.70525700,0.68636100,0.64697400,0.72202300,0.67482800,0.65155400,0.67315200,0.65171500,0.71555500,0.68199100
18.609020,0.67588600,0.70707800,0.71431300,0.64334200,0.69697600,0.69257500,0.64152600,0.65500500,0.65620500,0.70852600,0.66976400
18.646610,0.64245300,0.70943200,0.73940100,0.65168000,0.67919200,0.70994400,0.64041300,0.64886700,0.67544600,0.69688200,0.66201900
18.684210,0.63754600,0.71065300,0.75416600,0.66236600,0.68092500,0.72719100,0.65787900,0.65675900,0.69377400,0.68369700,0.66650900
18.721800,0.65217100,0.70903500,0.75122400,0.66829500,0.69449900,0.74125500,0.68878300,0.67173600,0.70039300,0.67321500,0.67816300
18.759400,0.67086800,0.70714100,0.73574300,0.67034700,0.70406100,0.74442500,0.72052900,0.68750700,0.69860200,0.66660400,0.68923300
18.796990,0.69186700,0.71287100,0.72127500,0.67204400,0.69830700,0.74001400,0.74219500,0.70113100,0.70115400,0.66803400,0.69966700
18.834590,0.71620100,0.72420800,0.71030000,0.67975700,0.67939900,0.73660800,0.74667500,0.71156500,0.71244000,0.67597300,0.71074100
18.872180,0.73977900,0.72963100,0.70125400,0.69715200,0.65693000,0.72820700,0.73470000,0.71867100,0.72263500,0.68390900,0.71883300
18.909770,0.75921100,0.72377800,0.69689300,0.72119800,0.64029800,0.71243000,0.71548700,0.72259200,0.72144900,0.69055600,0.72080300
18.947370,0.76993000,0.70501400,0.69455500,0.74378400,0.63484900,0.69888600,0.69921100,0.71971100,0.70814300,0.69675000,0.71585000
18.984960,0.76735900,0.67587000,0.69406700,0.75222000,0.63961500,0.69145500,0.69128500,0.70836000,0.69595900,0.70032300,0.70424500
19.022560,0.74758300,0.64726200,0.70024300,0.74281800,0.64831300,0.68727800,0.69040800,0.69635100,0.69544400,0.70218300,0.69064600
19.060150,0.71876400,0.62597000,0.70740100,0.73152100,0.65855400,0.68462500,0.69470600,0.69262900,0.70029000,0.70341800,0.67990700
19.097740,0.69962000,0.61726700,0.70507400,0.72532500,0.67398100,0.68773700,0.70084800,0.69785000,0.70395700,0.70667700,0.68073300
19.135340,0.69796300,0.62398200,0.69195400,0.71650500,0.69163100,0.69627000,0.70000400,0.70614600,0.70428600,0.71564600,0.69563300
19.172930,0.70844500,0.64288400,0.68091100,0.70472100,0.70902300,0.69936300,0.69098700,0.71522700,0.70107400,0.72645400,0.71649500
19.210530,0.71869000,0.66746300,0.68755900,0.69056400,0.72797800,0.69391100,0.68259300,0.72236600,0.69704300,0.73181400,0.73175500
19.248120,0.71887900,0.69272500,0.71088700,0.67479200,0.74948300,0.68636400,0.67984500,0.72125600,0.69443200,0.72904100,0.73384900
19.285710,0.71548700,0.71684600,0.73841000,0.66262700,0.77209400,0.68409900,0.68321200,0.71487800,0.69764500,0.72234800,0.72389100
19.323310,0.71826400,0.73855200,0.75927600,0.66215900,0.78957600,0.68887400,0.69496800,0.71157400,0.70600300,0.71668000,0.70831900
19.360900,0.72498400,0.75548100,0.76805600,0.67472200,0.79610300,0.69907100,0.71566500,0.71242900,0.71343300,0.71330000,0.70018700
19.398490,0.72171900,0.76170800,0.76545900,0.69111400,0.79236100,0.71234100,0.73714000,0.71285200,0.71750600,0.71362100,0.70506600
19.436090,0.70134400,0.75443500,0.75605600,0.70245800,0.77966400,0.72199600,0.74937700,0.71077600,0.71931000,0.71686500,0.71343900
19.473680,0.67825600,0.74546300,0.74297000,0.70867000,0.75597900,0.72496000,0.75071200,0.70955600,0.71836200,0.71726100,0.71753500
19.511280,0.67112400,0.74651400,0.72728500,0.71275800,0.72560600,0.72466700,0.74692300,0.71334400,0.71481800,0.71395800,0.71851300
19.548870,0.67464200,0.75128900,0.71128600,0.71407200,0.70350400,0.72318200,0.73515900,0.71826900,0.71242600,0.71026100,0.71952400
19.586470,0.67368100,0.75171800,0.69784900,0.71397500,0.69302600,0.72039100,0.71512700,0.71876700,0.71394800,0.70607700,0.71936400
19.624060,0.67042000,0.74951100,0.68883200,0.71525100,0.68772500,0.71797900,0.70223100,0.71780600,0.71883200,0.70166200,0.71621700
19.661650,0.67768300,0.74474200,0.68272600,0.72216400,0.68786800,0.72272200,0.70164600,0.71827700,0.72605300,0.70069100,0.71276900
19.699250,0.69296700,0.73784300,0.68367500,0.73354300,0.69093300,0.73440400,0.70830100,0.71741600,0.73389500,0.70452500,0.71170800
19.736840,0.70519900,0.73163300,0.69401000,0.73998200,0.69382800,0.74211900,0.71914200,0.71596900,0.74008200,0.71104300,0.71418400
19.774440,0.71277200,0.72541700,0.70610500,0.73588100,0.69432100,0.73655900,0.72957300,0.71835400,0.74201200,0.71924500,0.71843800
19.812030,0.71633700,0.71631100,0.70967400,0.72741800,0.69278400,0.72384800,0.73733700,0.72238600,0.73529600,0.72670000,0.72070400
19.849620,0.70857800,0.70945700,0.70469000,0.72463400,0.69586200,0.71751300,0.74084000,0.72366200,0.72344900,0.73250300,0.72068500
19.887220,0.69089800,0.70581200,0.70266700,0.73110900,0.70363900,0.71820900,0.73701600,0.72253200,0.71425100,0.73820200,0.72044200
19.924810,0.67724000,0.70259800,0.70853200,0.74110400,0.71332800,0.72025600,0.72941400,0.72333600,0.71159300,0.74355900,0.72345900
19.962400,0.67650700,0.70416100,0.71606100,0.74677300,0.72392800,0.72357400,0.72266200,0.72359400,0.71510700,0.74854800,0.73135900
20.000000,0.68736800,0.71474200,0.71968900,0.75026500,0.73086300,0.72608900,0.71643900,0.71811600,0.71954100,0.75143300,0.73878600
