E[1] [eV],Re(eps)_ecutwfc_30,Re(eps)_ecutwfc_40,Re(eps)_ecutwfc_50,Re(eps)_ecutwfc_60,Re(eps)_ecutwfc_70,Re(eps)_ecutwfc_80,Re(eps)_ecutwfc_90,Re(eps)_ecutwfc_100
5.000000,2.65203200,2.56906200,2.55697900,2.56429300,2.56729300,2.56814000,2.56821100,2.56819700
5.037593,2.65130900,2.61591100,2.60795600,2.60624200,2.60575600,2.60572400,2.60573100,2.60572600
5.075188,2.52382100,2.56823100,2.57313500,2.54948800,2.54032700,2.53802000,2.53786300,2.53788600
5.112782,2.31450400,2.38423100,2.39977700,2.36285700,2.34912000,2.34555000,2.34530300,2.34534100
5.150376,2.14070900,2.17025000,2.18815100,2.15977100,2.14964800,2.14686800,2.14667600,2.14670600
5.187970,2.05742500,2.03494700,2.04961000,2.03789700,2.03451600,2.03347300,2.03340700,2.03341700
5.225564,2.08488000,2.02430800,2.03109600,2.03586800,2.03908400,2.03983200,2.03989800,2.03988900
5.263157,2.17293300,2.10128300,2.10492200,2.11640500,2.12224900,2.12370300,2.12382400,2.12380600
5.300752,2.29651900,2.20976200,2.21239800,2.22748900,2.23499600,2.23692700,2.23708500,2.23706200
5.338346,2.46682300,2.35790200,2.35680900,2.37757600,2.38716500,2.38969600,2.38989600,2.38986400
5.375940,2.63710900,2.53023800,2.52528200,2.54519700,2.55340000,2.55560100,2.55576900,2.55574100
5.413534,2.69888100,2.64141500,2.63176700,2.63648700,2.63627500,2.63632100,2.63631700,2.63631400
5.451128,2.53606200,2.56690800,2.54826000,2.52317000,2.50869500,2.50514200,2.50485300,2.50489400
5.488721,2.19460200,2.27819700,2.24630700,2.19805300,2.17574200,2.17029000,2.16986300,2.16992400
5.526316,1.87168800,1.93453400,1.89524900,1.84897500,1.83119800,1.82699300,1.82667400,1.82671900
5.563910,1.67684500,1.70136800,1.67210000,1.64972400,1.64311300,1.64169900,1.64159800,1.64161200
5.601503,1.56231600,1.62031600,1.60903600,1.60443900,1.60326100,1.60302700,1.60301100,1.60301800
5.639097,1.41465500,1.56192100,1.55829200,1.54862700,1.54321800,1.54174600,1.54163300,1.54166100
5.676692,1.22506200,1.41519200,1.40840900,1.39002500,1.38015200,1.37747400,1.37727300,1.37731600
5.714285,1.01878500,1.20976100,1.19781400,1.17628900,1.16530700,1.16229900,1.16207900,1.16212600
5.751880,0.87909800,1.00965900,1.00054300,0.98688200,0.98035800,0.97849400,0.97836200,0.97839400
5.789474,0.85832800,0.90768000,0.90479900,0.90120700,0.89940400,0.89866800,0.89861800,0.89863200
5.827067,0.82677700,0.86013700,0.85493800,0.84605300,0.84237200,0.84101800,0.84092400,0.84094200
5.864661,0.71205900,0.76673600,0.76071900,0.74843000,0.74376500,0.74214500,0.74203700,0.74205700
5.902255,0.62526800,0.67609800,0.67840400,0.67382300,0.67235100,0.67162900,0.67158700,0.67159900
5.939849,0.62865400,0.65326800,0.66112200,0.66142000,0.66191400,0.66184400,0.66184900,0.66185100
5.977444,0.66244300,0.67054400,0.67823500,0.67842900,0.67885500,0.67893700,0.67895100,0.67895000
6.015037,0.67891600,0.68646500,0.69298000,0.69036800,0.68884900,0.68855700,0.68853900,0.68854200
6.052631,0.65899400,0.66989700,0.66593500,0.65422000,0.64888600,0.64771500,0.64763100,0.64764100
6.090225,0.60073900,0.60799300,0.58936000,0.57178200,0.56488000,0.56327800,0.56316300,0.56317300
6.127820,0.50662400,0.51548300,0.48888200,0.46991100,0.46271700,0.46094100,0.46081400,0.46082600
6.165413,0.40363300,0.40954900,0.38776000,0.37828200,0.37466600,0.37374700,0.37368400,0.37369100
6.203007,0.35945600,0.35740000,0.35623100,0.36387800,0.36568300,0.36605700,0.36609100,0.36609000
6.240601,0.38681900,0.38041000,0.39072500,0.40309700,0.40562200,0.40618900,0.40623700,0.40623600
6.278195,0.42822600,0.41798200,0.43115000,0.44347900,0.44598000,0.44661100,0.44666200,0.44666000
6.315789,0.47234800,0.46636700,0.48861900,0.50681100,0.51192400,0.51315700,0.51325100,0.51324500
6.353383,0.54939200,0.55222800,0.57993100,0.60029900,0.60633100,0.60770900,0.60781400,0.60780500
6.390977,0.63310100,0.64283500,0.66374900,0.67596300,0.67886600,0.67945200,0.67950000,0.67949600
6.428571,0.66729300,0.68062200,0.68571200,0.68218700,0.67975600,0.67908500,0.67904100,0.67904500
6.466165,0.63578200,0.64516100,0.63618500,0.62110400,0.61567100,0.61435100,0.61426000,0.61426600
6.503759,0.57613200,0.57549300,0.56346100,0.55059600,0.54693400,0.54610800,0.54605300,0.54605500
6.541353,0.53210900,0.53412200,0.53615600,0.54041200,0.54221200,0.54265900,0.54269600,0.54269200
6.578947,0.54951500,0.56589700,0.58267100,0.60107500,0.60666100,0.60792100,0.60801700,0.60801000
6.616541,0.62500400,0.64786100,0.66852700,0.68843500,0.69438100,0.69568400,0.69578600,0.69577800
6.654135,0.72004600,0.73529800,0.74913900,0.75964600,0.76260000,0.76326100,0.76331700,0.76331000
6.691729,0.79847500,0.78931700,0.78747400,0.78507600,0.78378800,0.78355200,0.78354300,0.78353900
6.729323,0.82664600,0.78842900,0.77652000,0.76660300,0.76320300,0.76248500,0.76243900,0.76243800
6.766917,0.79811500,0.75320000,0.74278500,0.73078900,0.72728200,0.72651500,0.72646500,0.72646400
6.804511,0.75685900,0.72068400,0.70924700,0.69471900,0.69047600,0.68951200,0.68945000,0.68944900
6.842104,0.73077900,0.68699500,0.66034400,0.63940000,0.63323700,0.63181200,0.63172300,0.63172200
6.879699,0.68233300,0.62087700,0.58854200,0.57117600,0.56656100,0.56548700,0.56542500,0.56542400
6.917293,0.60780200,0.55797900,0.54628500,0.54544500,0.54577300,0.54582600,0.54584000,0.54583700
6.954887,0.57141800,0.55508100,0.56571400,0.57821000,0.58182400,0.58260700,0.58266700,0.58266100
6.992481,0.59329900,0.60301900,0.61914300,0.63402100,0.63793500,0.63875800,0.63881700,0.63881200
7.030074,0.64493400,0.66112800,0.66912800,0.67668700,0.67865000,0.67902600,0.67905100,0.67904500
7.067669,0.69189000,0.69704200,0.69331800,0.69358800,0.69391100,0.69397200,0.69397300,0.69396600
7.105263,0.71339900,0.70951600,0.70816600,0.71206800,0.71357200,0.71394300,0.71396500,0.71395600
7.142857,0.72559400,0.73307500,0.74438300,0.75501000,0.75803600,0.75874100,0.75878700,0.75877700
7.180451,0.75952700,0.77921000,0.79755000,0.80931200,0.81234300,0.81301200,0.81305500,0.81304400
7.218045,0.81036300,0.82912100,0.84522200,0.85065400,0.85175700,0.85194000,0.85194800,0.85193600
7.255639,0.85424000,0.85928200,0.86238600,0.85669800,0.85469900,0.85414500,0.85409700,0.85408500
7.293232,0.86766500,0.85184400,0.84072900,0.82756300,0.82379800,0.82283200,0.82275300,0.82274000
7.330826,0.84852400,0.81651500,0.79848300,0.78409300,0.78030200,0.77935200,0.77927600,0.77926600
7.368421,0.81788200,0.77420700,0.75859400,0.75308600,0.75205300,0.75177700,0.75175800,0.75175700
7.406014,0.78598900,0.75166500,0.75278600,0.76120400,0.76369100,0.76425300,0.76430400,0.76431500
7.443608,0.77318800,0.76928300,0.78333100,0.79890900,0.80294900,0.80391100,0.80400500,0.80403000
7.481203,0.79453500,0.81379700,0.82787900,0.84366600,0.84735800,0.84821500,0.84830800,0.84834000
7.518797,0.83783100,0.86379300,0.86735900,0.87651200,0.87849000,0.87890400,0.87895800,0.87897800
7.556391,0.88445300,0.90185100,0.88824600,0.88800000,0.88795500,0.88798600,0.88800100,0.88801000
7.593984,0.91813800,0.91697400,0.89264600,0.88737800,0.88615200,0.88599900,0.88599900,0.88601000
7.631578,0.92870200,0.91505700,0.88512100,0.87344500,0.87015300,0.86958000,0.86954900,0.86956100
7.669173,0.92226700,0.89663500,0.85432600,0.83845600,0.83446600,0.83374400,0.83370100,0.83371300
7.706767,0.90121300,0.85884100,0.82100000,0.81265300,0.81136500,0.81110200,0.81109100,0.81109700
7.744360,0.86679400,0.83060100,0.81445900,0.81194000,0.81232700,0.81228000,0.81227700,0.81227400
7.781955,0.84237800,0.82397300,0.81864700,0.81401800,0.81373400,0.81360500,0.81358900,0.81358200
7.819549,0.83450000,0.81861200,0.81625100,0.81218900,0.81206500,0.81219200,0.81220900,0.81221800
7.857142,0.82635100,0.81503800,0.82296000,0.82559300,0.82681100,0.82730600,0.82737100,0.82740100
7.894736,0.82341900,0.83089200,0.84778100,0.85582300,0.85768900,0.85819500,0.85825700,0.85827800
7.932330,0.84173300,0.86228700,0.87861800,0.88819200,0.88971200,0.89003900,0.89006800,0.89006600
7.969924,0.87524200,0.89484200,0.90223200,0.90790900,0.90824600,0.90827900,0.90828400,0.90827500
8.007519,0.91019500,0.91487300,0.90993900,0.91050200,0.91010500,0.90991600,0.90990700,0.90989600
8.045113,0.93467400,0.91828100,0.91056600,0.91370500,0.91453300,0.91452700,0.91451900,0.91449800
8.082706,0.94199500,0.92346100,0.92439900,0.93178100,0.93427800,0.93459300,0.93460000,0.93457600
8.120299,0.94457900,0.94483500,0.95323000,0.95991300,0.96298400,0.96349000,0.96351700,0.96350400
8.157894,0.96108400,0.97678200,0.98719100,0.99050700,0.99283100,0.99330000,0.99333500,0.99333700
8.195488,0.99014900,1.00948600,1.01524300,1.01304800,1.01336400,1.01354600,1.01356700,1.01357900
8.233082,1.02149300,1.03152200,1.02346800,1.01269300,1.01003300,1.00968700,1.00968000,1.00970100
8.270677,1.04371000,1.02806200,1.00292900,0.98620000,0.98185800,0.98109200,0.98106000,0.98107800
8.308270,1.04421700,0.99661100,0.96848000,0.95470900,0.95138700,0.95070800,0.95066300,0.95066000
8.345864,1.01985900,0.95985100,0.94629000,0.94073300,0.93950200,0.93924500,0.93921500,0.93919400
8.383458,0.98570000,0.94235600,0.94763400,0.94878100,0.94856600,0.94859000,0.94857700,0.94855400
8.421052,0.96316600,0.94841900,0.96336300,0.96600200,0.96508100,0.96501700,0.96500100,0.96497900
8.458646,0.96516900,0.96502500,0.97647400,0.97680400,0.97461200,0.97424100,0.97420200,0.97417300
8.496240,0.98319100,0.97764500,0.97928200,0.98001700,0.97798100,0.97751200,0.97745400,0.97741100
8.533834,1.00082500,0.98173400,0.97944000,0.98487800,0.98429100,0.98394500,0.98388700,0.98383500
8.571428,1.00788600,0.98570500,0.98436700,0.99393100,0.99508500,0.99494000,0.99489600,0.99484700
8.609021,1.00983200,0.99437200,0.99441700,1.00242400,1.00442500,1.00441400,1.00439200,1.00435900
8.646616,1.01630000,1.00461100,1.00093900,1.00331100,1.00522400,1.00530400,1.00531800,1.00532000
8.684210,1.02832600,1.00781000,0.99975000,1.00146400,1.00388000,1.00426300,1.00432900,1.00436700
8.721804,1.03777600,1.00640400,1.00273600,1.00807700,1.01079000,1.01160500,1.01172400,1.01178900
8.759398,1.03958800,1.01407800,1.01461500,1.01978800,1.02147800,1.02224500,1.02237900,1.02245900
8.796992,1.04424900,1.02951400,1.02562400,1.02662100,1.02685200,1.02702000,1.02708400,1.02712700
8.834586,1.05605700,1.04041800,1.02754900,1.02548800,1.02541500,1.02527000,1.02526900,1.02526700
8.872180,1.06521200,1.04070700,1.02717300,1.02777600,1.02867000,1.02873000,1.02873400,1.02872600
8.909773,1.06504100,1.04108800,1.03550300,1.03982000,1.04102700,1.04127500,1.04129700,1.04129500
8.947368,1.06493300,1.05012100,1.04880200,1.05364400,1.05381600,1.05401600,1.05404600,1.05405500
8.984962,1.07403200,1.06187800,1.05776600,1.05990100,1.05897300,1.05890300,1.05891600,1.05892100
9.022555,1.08638200,1.06809700,1.06067400,1.06081700,1.06090800,1.06072500,1.06070900,1.06069300
9.060150,1.09447800,1.06888800,1.06758200,1.06843800,1.07090400,1.07091400,1.07089500,1.07086800
9.097744,1.09716100,1.07417800,1.08335800,1.08545000,1.08902700,1.08943600,1.08946300,1.08946000
9.135338,1.10321800,1.08701100,1.10330600,1.10670000,1.10948000,1.11017200,1.11025400,1.11028900
9.172933,1.11829100,1.10396000,1.12142500,1.12567900,1.12707200,1.12757000,1.12764600,1.12768600
9.210526,1.13740600,1.12104400,1.13147000,1.13469100,1.13453900,1.13457600,1.13461100,1.13463600
9.248120,1.15435000,1.13250300,1.12759000,1.12723100,1.12532300,1.12502200,1.12503000,1.12504700
9.285713,1.16366900,1.13100400,1.11169100,1.10845600,1.10567400,1.10531900,1.10531400,1.10531900
9.323307,1.15927800,1.11784700,1.09527600,1.09142800,1.08864200,1.08825100,1.08823300,1.08822900
9.360902,1.14389600,1.10514800,1.08222000,1.07811700,1.07575100,1.07522100,1.07518500,1.07517200
9.398496,1.13181500,1.09535900,1.06955100,1.06856400,1.06823200,1.06792500,1.06789400,1.06787300
9.436090,1.12499800,1.08651400,1.06647800,1.06917300,1.07148200,1.07160800,1.07161300,1.07160000
9.473684,1.11968800,1.08796100,1.07750000,1.07944200,1.08287000,1.08330800,1.08334600,1.08334900
9.511277,1.12170700,1.10145700,1.09596600,1.09611000,1.09860800,1.09926900,1.09934400,1.09937300
9.548872,1.13218600,1.12026600,1.11571200,1.11525500,1.11598400,1.11657500,1.11665900,1.11670200
9.586466,1.14658900,1.13936700,1.13329900,1.13296200,1.13245500,1.13260700,1.13264000,1.13265600
9.624060,1.16197100,1.15566500,1.14615800,1.14526300,1.14413600,1.14386100,1.14383200,1.14381400
9.661654,1.17399500,1.16560100,1.15127600,1.15006500,1.14872600,1.14830300,1.14824800,1.14821200
9.699247,1.17824400,1.16674800,1.15100300,1.15314200,1.15222500,1.15196900,1.15192700,1.15189200
9.736841,1.17932900,1.16483800,1.15568600,1.16124100,1.16060800,1.16044100,1.16040300,1.16036700
9.774436,1.18571000,1.16859100,1.16765500,1.17308600,1.17217000,1.17194700,1.17189200,1.17184700
9.812029,1.19439500,1.17784000,1.18053400,1.18308900,1.18186400,1.18158400,1.18153300,1.18149800
9.849624,1.19897700,1.18639200,1.18780300,1.18640300,1.18590700,1.18557700,1.18554200,1.18552500
9.887218,1.20068000,1.18887200,1.18923600,1.18654300,1.18784300,1.18765600,1.18764200,1.18763600
9.924811,1.20453300,1.18946900,1.18954700,1.18759600,1.18995800,1.19015600,1.19019100,1.19020900
9.962406,1.21025300,1.19287100,1.18811800,1.18713100,1.18987600,1.19045900,1.19056100,1.19061800
9.999999,1.21735100,1.19703100,1.18764900,1.18790400,1.19042900,1.19126100,1.19140800,1.19149300
10.037590,1.22279400,1.20421600,1.19440100,1.19355500,1.19424300,1.19497000,1.19511000,1.19519300
10.075190,1.22187600,1.21582300,1.20561700,1.20273000,1.20115400,1.20121500,1.20125300,1.20127300
10.112780,1.21637100,1.22756900,1.21347900,1.21017600,1.20744500,1.20686900,1.20679600,1.20674400
10.150380,1.21158600,1.23420200,1.21389200,1.21185700,1.20953100,1.20875000,1.20863500,1.20855300
10.187970,1.21082000,1.23534300,1.21207000,1.21012900,1.20855600,1.20790600,1.20780100,1.20772300
10.225560,1.21470700,1.23454500,1.21205700,1.20867100,1.20654500,1.20614100,1.20607400,1.20602300
10.263160,1.22288100,1.23262300,1.21197900,1.20919100,1.20601200,1.20568300,1.20564800,1.20562200
10.300750,1.23381300,1.23140800,1.21357000,1.21363500,1.21022400,1.20970700,1.20964600,1.20960700
10.338350,1.24637000,1.23394500,1.21987500,1.22153600,1.21871800,1.21803000,1.21792500,1.21785400
10.375940,1.25904700,1.24051700,1.22965400,1.23111400,1.23003800,1.22935400,1.22923200,1.22914400
10.413530,1.27043200,1.25031800,1.24181100,1.24233400,1.24365300,1.24318900,1.24308500,1.24300400
10.451130,1.28212400,1.26043400,1.25467800,1.25410000,1.25671900,1.25677100,1.25673700,1.25669900
10.488720,1.29596800,1.26705400,1.26700600,1.26422600,1.26637600,1.26693200,1.26699900,1.26703000
10.526310,1.31085800,1.26859200,1.27723500,1.27133100,1.27270800,1.27318800,1.27328700,1.27335000
10.563910,1.32448600,1.27001400,1.28444900,1.27700300,1.27795300,1.27820100,1.27826900,1.27831700
10.601500,1.33578500,1.27463200,1.29178300,1.28585900,1.28556800,1.28581900,1.28587500,1.28591300
10.639100,1.34355900,1.27746000,1.30152600,1.29869600,1.29642800,1.29640200,1.29640800,1.29641500
10.676690,1.34693800,1.27583700,1.30988800,1.31069400,1.30701200,1.30654600,1.30646900,1.30642900
10.714280,1.34677600,1.27452300,1.31030500,1.31580600,1.31206500,1.31128800,1.31117300,1.31111900
10.751880,1.34527400,1.27693600,1.30298600,1.31267300,1.31080400,1.30994000,1.30981500,1.30974600
10.789470,1.34548000,1.28248700,1.29717700,1.30690200,1.30776000,1.30721400,1.30712100,1.30705200
10.827070,1.34933800,1.29097900,1.29726900,1.30422400,1.30625400,1.30628200,1.30627600,1.30625600
10.864660,1.35628000,1.30176900,1.30133300,1.30762800,1.30863000,1.30915400,1.30925200,1.30930300
10.902250,1.36490200,1.31285800,1.30564100,1.31537200,1.31484600,1.31524000,1.31534800,1.31541400
10.939850,1.37403100,1.32211300,1.30829800,1.32144300,1.32079800,1.32071200,1.32073400,1.32074200
10.977440,1.38215600,1.32957300,1.31162100,1.32421800,1.32468100,1.32449300,1.32446700,1.32443800
11.015040,1.38840800,1.33796700,1.31654800,1.32790700,1.33001500,1.33012900,1.33015700,1.33016700
11.052630,1.39358600,1.34899300,1.32216400,1.33460900,1.33802400,1.33847400,1.33856700,1.33861900
11.090220,1.39930100,1.36084300,1.32732900,1.34314900,1.34621500,1.34702700,1.34718700,1.34727500
11.127820,1.40422200,1.37157000,1.33258800,1.35064100,1.35300600,1.35369800,1.35385800,1.35394300
11.165410,1.40604400,1.38304800,1.34029000,1.35417200,1.35864500,1.35882600,1.35889200,1.35891200
11.203010,1.40484900,1.39743700,1.35029200,1.35400500,1.36244900,1.36285000,1.36289000,1.36288600
11.240600,1.40371700,1.41298800,1.36159600,1.35399300,1.36257300,1.36429200,1.36453500,1.36466200
11.278190,1.40800300,1.42564000,1.37462000,1.35834200,1.36117100,1.36344100,1.36387700,1.36415800
11.315790,1.42013800,1.43190100,1.38853700,1.36838000,1.36590300,1.36679600,1.36707500,1.36728500
11.353380,1.43773300,1.43186900,1.40178800,1.38214000,1.37819400,1.37761600,1.37758800,1.37759300
11.390980,1.45758100,1.42928600,1.41344300,1.39822900,1.39370800,1.39284200,1.39269900,1.39261000
11.428570,1.47666000,1.42666100,1.42417200,1.41500900,1.40981400,1.40902500,1.40889200,1.40880700
11.466160,1.49166800,1.42541000,1.43448500,1.43081600,1.42607100,1.42515900,1.42501000,1.42491800
11.503760,1.50169900,1.42861300,1.44277800,1.44435600,1.44084400,1.43996000,1.43981400,1.43972100
11.541350,1.51122900,1.43818300,1.44826000,1.45339800,1.45126200,1.45062400,1.45051400,1.45043300
11.578950,1.52533100,1.45234900,1.45364600,1.45708700,1.45687300,1.45645000,1.45638000,1.45631900
11.616540,1.54493300,1.46704700,1.46140400,1.46015300,1.46153800,1.46151500,1.46150900,1.46148800
11.654130,1.56726000,1.47879000,1.47067500,1.46697500,1.46786400,1.46842100,1.46853600,1.46859800
11.691730,1.58858900,1.48732100,1.48008800,1.47469100,1.47458300,1.47501900,1.47516400,1.47525500
11.729320,1.60538300,1.49486300,1.49092100,1.47996600,1.48066200,1.48049200,1.48049900,1.48049800
11.766920,1.61716300,1.50319600,1.50349900,1.48680200,1.48791200,1.48798600,1.48796800,1.48794300
11.804510,1.62751300,1.51291700,1.51373400,1.50007200,1.49880100,1.49937300,1.49946600,1.49951900
11.842100,1.64084100,1.52507700,1.52095700,1.51817400,1.51349500,1.51366700,1.51375500,1.51381800
11.879700,1.65803300,1.53806800,1.52764200,1.53756000,1.53194500,1.53097800,1.53087200,1.53081200
11.917290,1.67680500,1.55134800,1.53574100,1.55732800,1.55249000,1.55101700,1.55075600,1.55058200
11.954890,1.69612100,1.56683500,1.54640800,1.57605600,1.57226100,1.57104200,1.57079400,1.57062000
11.992480,1.71435000,1.58341900,1.55817700,1.58926400,1.58964700,1.58863500,1.58841900,1.58826200
12.030070,1.72853200,1.60127600,1.57171600,1.59547000,1.60293000,1.60293500,1.60286200,1.60278100
12.067670,1.73550000,1.62202500,1.58820200,1.60087600,1.61252000,1.61440000,1.61469100,1.61483300
12.105260,1.73849000,1.64253100,1.60592400,1.61075200,1.62255200,1.62531700,1.62586600,1.62619000
12.142860,1.73953700,1.65995600,1.62536300,1.62632700,1.63573600,1.63845100,1.63902000,1.63936600
12.180450,1.74018200,1.67605700,1.64755200,1.64679100,1.65258400,1.65457900,1.65504600,1.65532900
12.218040,1.74064000,1.69253800,1.67266500,1.67131500,1.67365700,1.67459500,1.67481700,1.67493200
12.255640,1.73719400,1.70707000,1.69983500,1.69754000,1.69729700,1.69775700,1.69784600,1.69786400
12.293230,1.73513600,1.71706200,1.72334800,1.72107700,1.72124700,1.72110600,1.72111500,1.72108600
12.330830,1.74171400,1.72928800,1.73434000,1.73819900,1.73957500,1.73937300,1.73935800,1.73930900
12.368420,1.75971200,1.75023400,1.73311600,1.74644400,1.74614900,1.74611500,1.74615800,1.74614400
12.406010,1.78379900,1.77443400,1.73026900,1.75133600,1.74815700,1.74757100,1.74752300,1.74745200
12.443610,1.80390000,1.79602100,1.72816300,1.75778400,1.75418900,1.75300200,1.75283100,1.75267400
12.481200,1.81462700,1.80669300,1.72625900,1.76043600,1.75916900,1.75763900,1.75737600,1.75715800
12.518800,1.81762900,1.80572300,1.73378200,1.76082600,1.76232300,1.76118200,1.76092900,1.76071100
12.556390,1.81487900,1.80717300,1.74911400,1.76326100,1.76855800,1.76817400,1.76803400,1.76789300
12.593980,1.81829700,1.81176700,1.76917800,1.76800600,1.77865000,1.77964700,1.77975100,1.77976900
12.631580,1.84067400,1.81724900,1.79668300,1.78302300,1.79808200,1.80082000,1.80130800,1.80158400
12.669170,1.88506100,1.83471700,1.82540100,1.81186300,1.82342300,1.82751300,1.82828000,1.82873700
12.706770,1.94417000,1.86651000,1.84970500,1.84497600,1.84414300,1.84763000,1.84842500,1.84890700
12.744360,2.00446800,1.89982200,1.87519900,1.87326300,1.86266900,1.86226400,1.86241900,1.86248700
12.781950,2.05730600,1.92774400,1.91332200,1.90456800,1.89268800,1.88914100,1.88858300,1.88815100
12.819550,2.09139400,1.95911500,1.95906400,1.94301800,1.93661000,1.93261300,1.93183300,1.93122500
12.857140,2.08559400,2.00253800,2.00164800,1.98263400,1.98189600,1.97970900,1.97919900,1.97875300
12.894740,2.03545000,2.04999700,2.03920500,2.02235900,2.02092900,2.02060300,2.02053200,2.02038100
12.932330,1.97330600,2.08510100,2.07500700,2.06589300,2.05839600,2.05743900,2.05738800,2.05727300
12.969920,1.93212700,2.10223400,2.10936600,2.11146400,2.09506400,2.09187200,2.09143700,2.09109300
13.007520,1.92139400,2.10093400,2.13607500,2.14302900,2.11826300,2.11251600,2.11158700,2.11095100
13.045110,1.93264200,2.08382100,2.13660500,2.14923700,2.12075900,2.11370100,2.11245500,2.11165000
13.082710,1.94494200,2.04626400,2.09903300,2.12587000,2.10183700,2.09529000,2.09407600,2.09331400
13.120300,1.93147000,1.97767200,2.03075100,2.06797400,2.05971600,2.05497500,2.05410800,2.05358500
13.157890,1.87713800,1.90552400,1.94457200,1.95959500,1.97503700,1.97427300,1.97408700,1.97404600
13.195490,1.79158100,1.85212800,1.84330200,1.81832100,1.85060700,1.85658900,1.85760700,1.85834800
13.233080,1.71687500,1.80830600,1.76983300,1.73174000,1.75913600,1.76928800,1.77131500,1.77266900
13.270670,1.68363000,1.76615500,1.75793100,1.72280700,1.73231200,1.73954200,1.74120400,1.74232300
13.308270,1.69707600,1.74857100,1.76459200,1.72237900,1.72462800,1.72684500,1.72743000,1.72788500
13.345860,1.72053200,1.76602300,1.74384400,1.68172800,1.68968900,1.69028500,1.69033500,1.69044900
13.383460,1.68598400,1.77894600,1.72118100,1.64752400,1.65059200,1.65233800,1.65252600,1.65265100
13.421050,1.58684300,1.74967700,1.73736800,1.66569700,1.64817500,1.64810700,1.64812600,1.64812400
13.458640,1.51850000,1.70135100,1.77389400,1.69801400,1.66357900,1.65875600,1.65803600,1.65763100
13.496240,1.52736600,1.68362000,1.77178800,1.69825700,1.66150200,1.65398900,1.65274000,1.65207000
13.533830,1.58410300,1.69514300,1.71822500,1.67588900,1.64726300,1.63971600,1.63833400,1.63756200
13.571430,1.64327200,1.70362400,1.66767800,1.67090700,1.65133500,1.64447200,1.64313800,1.64233400
13.609020,1.66402900,1.68177400,1.65273000,1.68691800,1.67805000,1.67295800,1.67191900,1.67124800
13.646620,1.62605500,1.61659100,1.65130600,1.69835900,1.70569100,1.70399200,1.70355900,1.70321200
13.684210,1.53282500,1.54958700,1.62560700,1.67525200,1.70086400,1.70451800,1.70500300,1.70520700
13.721800,1.41032800,1.51684600,1.55291500,1.60786700,1.64491700,1.65430200,1.65585400,1.65684100
13.759400,1.31625200,1.49047300,1.46807100,1.51126800,1.54470500,1.55721400,1.55954100,1.56122700
13.796990,1.28528500,1.44947300,1.43154800,1.42202400,1.43409800,1.44186600,1.44362800,1.44509300
13.834590,1.26741400,1.39980600,1.43290300,1.37737900,1.36596600,1.36556900,1.36573100,1.36609700
13.872180,1.20098300,1.32532400,1.43701900,1.37987700,1.35146800,1.34595800,1.34500600,1.34450400
13.909770,1.10641000,1.22406600,1.42462200,1.39783300,1.36613300,1.35851200,1.35697100,1.35596600
13.947370,1.06838500,1.16663700,1.35988500,1.38334500,1.37105600,1.36603700,1.36485600,1.36407700
13.984960,1.10105000,1.18043600,1.23531200,1.31343900,1.33822900,1.34026500,1.34039100,1.34054400
14.022560,1.14644200,1.18753200,1.12332800,1.21832300,1.26660100,1.27743100,1.27918200,1.28042800
14.060150,1.15290000,1.13948000,1.06150300,1.12174600,1.15917800,1.17107300,1.17320300,1.17474600
14.097740,1.09048600,1.07925500,1.02023600,1.03195400,1.04602400,1.05118400,1.05210000,1.05285700
14.135340,0.98285000,1.02869000,1.00969900,0.96550700,0.97591500,0.97767000,0.97785600,0.97812700
14.172930,0.90266200,0.97003700,1.04325200,0.93309900,0.94165800,0.94457600,0.94497900,0.94537700
14.210530,0.86062900,0.91378400,1.07977400,0.94045500,0.91881700,0.92013500,0.92043700,0.92067300
14.248120,0.80629700,0.88412700,1.07428400,0.97009600,0.91422200,0.90676000,0.90570200,0.90497800
14.285710,0.75072800,0.87512500,1.03466800,0.99335500,0.94000200,0.92533000,0.92279900,0.92104900
14.323310,0.72972500,0.87818800,0.98699300,0.99088200,0.96821300,0.95612400,0.95371600,0.95201100
14.360900,0.75068800,0.89066800,0.93909800,0.98315700,0.97479600,0.96929800,0.96802200,0.96703400
14.398490,0.78283500,0.89321500,0.89219200,0.98571300,0.97543600,0.97099600,0.97002700,0.96922100
14.436090,0.79015800,0.87083700,0.82236800,0.95638600,0.95850300,0.95658200,0.95597800,0.95545900
14.473680,0.76116600,0.84445700,0.72684500,0.87893100,0.90114600,0.90459200,0.90507700,0.90541700
14.511280,0.73340800,0.83620200,0.65375200,0.76765800,0.82604600,0.83452100,0.83584700,0.83678700
14.548870,0.75487400,0.83268800,0.63495800,0.65754700,0.74008100,0.75768400,0.76048200,0.76244200
14.586460,0.79269200,0.82054500,0.66583900,0.60355700,0.66620500,0.68941000,0.69348400,0.69648300
14.624060,0.79348100,0.78212600,0.71520400,0.61850400,0.63456800,0.65160000,0.65528300,0.65822600
14.661650,0.75137100,0.71697100,0.76166200,0.67546700,0.64723600,0.64947300,0.65058400,0.65173800
14.699250,0.70099000,0.67231900,0.80663300,0.73732100,0.68844100,0.67844400,0.67695500,0.67610700
14.736840,0.66198600,0.67145100,0.84515800,0.77601100,0.73627600,0.72221100,0.71961800,0.71777400
14.774440,0.62472900,0.70120500,0.84710000,0.78870300,0.76461000,0.75373000,0.75153200,0.74981600
14.812030,0.59060400,0.73571400,0.79818800,0.78216700,0.75852200,0.75126900,0.74979500,0.74852200
14.849620,0.58101500,0.75575800,0.75154900,0.75525900,0.73283700,0.72585800,0.72452900,0.72333900
14.887220,0.60794200,0.75072500,0.73171000,0.71690500,0.70235700,0.69577600,0.69447200,0.69322800
14.924810,0.64336700,0.72771000,0.72316300,0.69656600,0.68052900,0.67301700,0.67149400,0.67009500
14.962400,0.65830600,0.70014100,0.72723800,0.69149400,0.68042800,0.67173900,0.66982200,0.66827700
15.000000,0.64923400,0.66226600,0.74815600,0.70039100,0.70215900,0.69925200,0.69814600,0.69732200
15.037590,0.60470700,0.63693700,0.76984100,0.73273900,0.72950500,0.73388600,0.73447300,0.73503300
15.075190,0.54774300,0.62829300,0.75927000,0.76845100,0.75235700,0.75525400,0.75611500,0.75698500
15.112780,0.52266000,0.62027100,0.71252600,0.76654500,0.75516300,0.75502900,0.75528000,0.75568000
15.150370,0.53420900,0.61809500,0.65739300,0.72984300,0.73166200,0.73251400,0.73276900,0.73307800
15.187970,0.56727800,0.63411700,0.60554900,0.70273300,0.70975600,0.71056900,0.71077700,0.71089600
15.225560,0.59397900,0.67620200,0.56690500,0.68962800,0.70610000,0.70653400,0.70658400,0.70646100
15.263160,0.60349200,0.72766400,0.56776500,0.67282200,0.70310200,0.70674800,0.70730100,0.70755300
15.300750,0.60352800,0.74974900,0.60222700,0.64676600,0.68303100,0.68979500,0.69100300,0.69192300
15.338350,0.59117900,0.70741600,0.63566700,0.60815400,0.64224400,0.64998400,0.65136000,0.65259400
15.375940,0.57949000,0.59790000,0.64723100,0.56585800,0.58592100,0.59381900,0.59519700,0.59647600
15.413530,0.58080200,0.48237200,0.64285900,0.53783100,0.53597100,0.54172600,0.54286700,0.54395800
15.451130,0.58833200,0.43710500,0.63663900,0.53831500,0.51606400,0.51527000,0.51534600,0.51561200
15.488720,0.60034900,0.45519500,0.63038400,0.56255200,0.52622600,0.52050900,0.51956900,0.51896800
15.526320,0.61264100,0.49598400,0.61539500,0.59773800,0.55878000,0.55075600,0.54939200,0.54840400
15.563910,0.62887300,0.54677700,0.60084700,0.63334600,0.60734400,0.59828500,0.59669100,0.59546800
15.601500,0.64755100,0.60756800,0.60362400,0.66496600,0.65754900,0.64981000,0.64826700,0.64694600
15.639100,0.64257600,0.67366600,0.61556100,0.69909500,0.70201800,0.69669900,0.69542400,0.69423600
15.676690,0.62016700,0.72919100,0.62265600,0.72501300,0.74230100,0.74095900,0.74025800,0.73956300
15.714280,0.61541600,0.75331100,0.64208300,0.72331100,0.76272100,0.76887300,0.76962300,0.77012900
15.751880,0.63338200,0.74049400,0.68030300,0.69811700,0.74340300,0.75626700,0.75852900,0.76026400
15.789470,0.64640500,0.71266600,0.70443800,0.67092100,0.69391900,0.70568200,0.70812100,0.71003500
15.827070,0.63005000,0.68384300,0.68968300,0.64751800,0.64731300,0.65152900,0.65261900,0.65351100
15.864660,0.60500500,0.65566100,0.66296900,0.62667200,0.61699900,0.61672000,0.61676700,0.61681200
15.902260,0.59710200,0.61731300,0.65509300,0.62028200,0.60664400,0.60500800,0.60474500,0.60453400
15.939850,0.59096800,0.56745800,0.65114800,0.61720400,0.60364100,0.60166000,0.60138300,0.60120000
15.977440,0.56752200,0.52792400,0.63346600,0.61214700,0.59389900,0.59105700,0.59064400,0.59041100
16.015040,0.53037400,0.51292100,0.60387300,0.61361800,0.58952400,0.58473800,0.58395700,0.58346600
16.052630,0.50494500,0.53151400,0.56411300,0.60983900,0.59574200,0.59075000,0.58984900,0.58922700
16.090230,0.50468600,0.57289900,0.52310400,0.59078000,0.60139300,0.59988600,0.59950700,0.59917400
16.127820,0.52458000,0.61857500,0.50733200,0.56149800,0.59166000,0.59525300,0.59575900,0.59596700
16.165410,0.56379800,0.64492400,0.52117200,0.54184300,0.57085400,0.57704000,0.57807600,0.57862800
16.203010,0.61315500,0.64163100,0.54588600,0.53418500,0.55552200,0.56130700,0.56237400,0.56305700
16.240600,0.65546800,0.63166400,0.57354100,0.53336700,0.54995300,0.55453300,0.55535900,0.55602100
16.278190,0.68432700,0.62469300,0.60542300,0.54855000,0.55559700,0.55865000,0.55914800,0.55966100
16.315790,0.69771600,0.61343300,0.63859200,0.58213600,0.57114500,0.57250000,0.57267200,0.57295100
16.353380,0.68635800,0.59726400,0.66392900,0.62138500,0.59101900,0.58920700,0.58896300,0.58890100
16.390980,0.64928100,0.58750800,0.66962900,0.65345900,0.61980600,0.61290500,0.61181400,0.61109700
16.428570,0.60614900,0.59351900,0.66193900,0.67220200,0.65397100,0.64544500,0.64389200,0.64277200
16.466160,0.58248800,0.61427400,0.65595700,0.67231800,0.67297100,0.66745500,0.66626100,0.66532300
16.503760,0.57064000,0.64944300,0.65769600,0.66191300,0.66720200,0.66602100,0.66557100,0.66507700
16.541350,0.55672300,0.68401400,0.66364900,0.66108200,0.65554200,0.65546800,0.65541500,0.65520700
16.578950,0.55562500,0.70023300,0.66607400,0.66946100,0.65789900,0.65598600,0.65573700,0.65545200
16.616540,0.57609300,0.69455500,0.67031500,0.67899800,0.67277900,0.66989800,0.66938100,0.66892400
16.654130,0.60635500,0.67649200,0.67969300,0.68813500,0.69526700,0.69410500,0.69371900,0.69337200
16.691730,0.62899800,0.66833000,0.68851600,0.69387800,0.70989200,0.71362600,0.71416000,0.71455300
16.729320,0.63317400,0.66991600,0.68602600,0.68681400,0.69803200,0.70451500,0.70586800,0.70695300
16.766920,0.62057400,0.66049400,0.66496000,0.66511400,0.66429600,0.66852800,0.66961700,0.67052200
16.804510,0.60730200,0.63012700,0.63131100,0.63878400,0.63024400,0.63056700,0.63081700,0.63106800
16.842100,0.60949300,0.59315400,0.59602200,0.60893700,0.60326800,0.60184500,0.60162000,0.60146700
16.879700,0.61907100,0.56577900,0.57627300,0.58951100,0.58833800,0.58658800,0.58624200,0.58596200
16.917290,0.62182000,0.54267900,0.58492700,0.59286100,0.59207500,0.59024700,0.58983800,0.58949000
16.954890,0.61405900,0.52976600,0.60888400,0.60411100,0.60618300,0.60547700,0.60525200,0.60506400
16.992480,0.59880800,0.54195800,0.62636400,0.60650600,0.61580400,0.61683900,0.61694200,0.61706600
17.030080,0.58393900,0.57097200,0.63183200,0.60695200,0.61833700,0.62033200,0.62061400,0.62088100
17.067670,0.57877700,0.59773900,0.62549900,0.61965200,0.62350900,0.62516700,0.62541600,0.62559100
17.105260,0.58620600,0.61992700,0.61448900,0.63792200,0.63504900,0.63533500,0.63540700,0.63539700
17.142850,0.61081000,0.64821200,0.60792000,0.65262400,0.64878800,0.64753800,0.64732500,0.64709600
17.180450,0.64777800,0.68402300,0.60559800,0.66625700,0.66487200,0.66310600,0.66270400,0.66237100
17.218040,0.68048900,0.71689500,0.61350000,0.67601700,0.67996100,0.67942400,0.67919400,0.67904700
17.255640,0.69903000,0.73650600,0.63603600,0.67321300,0.68574100,0.68733100,0.68752200,0.68774900
17.293230,0.70485900,0.73581500,0.66588300,0.65965500,0.67943200,0.68326100,0.68388700,0.68441700
17.330830,0.70335700,0.71533300,0.69743200,0.65581500,0.67033900,0.67472500,0.67550200,0.67606900
17.368420,0.69527200,0.68513500,0.72440500,0.66754700,0.66737300,0.66995600,0.67046400,0.67081100
17.406010,0.67601600,0.64832100,0.73535500,0.67949500,0.66648400,0.66618600,0.66623200,0.66625900
17.443610,0.64032900,0.61204000,0.72686400,0.68090800,0.66439700,0.66147500,0.66102200,0.66068700
17.481200,0.60097400,0.58940900,0.70583700,0.66760400,0.65513600,0.65241300,0.65196500,0.65161100
17.518800,0.58393700,0.58135900,0.67544600,0.65272700,0.64043400,0.63816800,0.63786600,0.63760100
17.556390,0.58900600,0.58465000,0.64037300,0.65056300,0.63601600,0.63246200,0.63190600,0.63144900
17.593980,0.59387700,0.59735700,0.60253300,0.65252600,0.64298800,0.63914900,0.63844200,0.63786900
17.631580,0.59287800,0.60832600,0.57481100,0.65229600,0.65392000,0.65189400,0.65139500,0.65097500
17.669170,0.59669000,0.61169700,0.57115800,0.64758700,0.66244400,0.66364500,0.66364800,0.66359500
17.706770,0.60846800,0.61669100,0.58928500,0.63829000,0.66248600,0.66758100,0.66837100,0.66893900
17.744360,0.62298300,0.63186800,0.61690500,0.62693400,0.65290700,0.65939600,0.66067000,0.66168800
17.781950,0.63310900,0.65207000,0.63970800,0.62025900,0.63852700,0.64378800,0.64487500,0.64578700
17.819550,0.63385900,0.66211100,0.64988500,0.62385900,0.62798700,0.63058400,0.63115800,0.63165100
17.857140,0.63801700,0.65997000,0.64899500,0.63362300,0.62785800,0.62752600,0.62753400,0.62754500
17.894740,0.65435800,0.66189100,0.64678900,0.64579900,0.63572700,0.63379300,0.63345400,0.63317900
17.932330,0.67221100,0.66943900,0.64924000,0.65422000,0.64614600,0.64401400,0.64356500,0.64320700
17.969920,0.68248300,0.67424300,0.65653500,0.65653100,0.65242900,0.65110600,0.65075100,0.65045000
18.007520,0.68837500,0.67560500,0.66639100,0.66208300,0.65927500,0.65799700,0.65765600,0.65734600
18.045110,0.69556000,0.67521600,0.67789100,0.67343100,0.67309900,0.67172200,0.67135300,0.67101300
18.082710,0.70114200,0.67767300,0.69278300,0.68477500,0.68726600,0.68680900,0.68662500,0.68640900
18.120300,0.69895800,0.68098100,0.70594500,0.69004900,0.69439400,0.69499000,0.69504500,0.69500100
18.157890,0.69377700,0.68393400,0.70791500,0.68490100,0.68916200,0.69081600,0.69113200,0.69128400
18.195490,0.69300100,0.68688700,0.69668100,0.67780400,0.67561900,0.67720500,0.67756200,0.67777100
18.233080,0.69519000,0.68498200,0.67360700,0.67959600,0.66825700,0.66790800,0.66795700,0.66799700
18.270680,0.69868900,0.67566500,0.64934400,0.68433100,0.67188400,0.66945000,0.66909000,0.66887500
18.308270,0.70449000,0.67001100,0.63781000,0.68477700,0.68192800,0.67959200,0.67914700,0.67888400
18.345860,0.70728000,0.67428000,0.64228200,0.67749300,0.68714100,0.68748100,0.68748200,0.68758200
18.383460,0.70307600,0.68386100,0.66043500,0.66815700,0.68288100,0.68526700,0.68568500,0.68611900
18.421050,0.69557400,0.69172300,0.68078400,0.66291100,0.67804100,0.68064800,0.68109300,0.68150500
18.458640,0.68463100,0.69585900,0.68762400,0.66302100,0.67398400,0.67705900,0.67758800,0.67801000
18.496240,0.67312500,0.69338000,0.67745400,0.66384800,0.66645300,0.66899800,0.66951300,0.66989800
18.533830,0.66400700,0.68824700,0.66967000,0.65873700,0.65823200,0.65918900,0.65942100,0.65956400
18.571430,0.65193400,0.68669700,0.67789900,0.65125300,0.64892200,0.64904100,0.64911100,0.64913000
18.609020,0.63405800,0.68892200,0.69229200,0.65031300,0.63944800,0.63819800,0.63806600,0.63797300
18.646610,0.62068700,0.69264400,0.70080600,0.66092700,0.63934600,0.63536000,0.63473700,0.63430800
18.684210,0.62050900,0.69956100,0.70391400,0.68284200,0.65760900,0.65122400,0.65008700,0.64927000
18.721800,0.62965800,0.70605700,0.70549700,0.70748700,0.68849900,0.68177700,0.68047000,0.67950200
18.759400,0.64135300,0.70966000,0.70732900,0.72599800,0.71930700,0.71466500,0.71362100,0.71281700
18.796990,0.65129100,0.71259800,0.71082300,0.73506300,0.73943300,0.73873800,0.73837600,0.73805600
18.834590,0.66144400,0.71425800,0.71307300,0.73250000,0.74289000,0.74536100,0.74573700,0.74598300
18.872180,0.67387700,0.70965100,0.71184000,0.71835800,0.73062100,0.73413700,0.73482300,0.73532700
18.909770,0.68507500,0.69148500,0.70246600,0.69989300,0.71128400,0.71507600,0.71580500,0.71634900
18.947370,0.69522900,0.66979600,0.69276700,0.69027400,0.69534700,0.69830700,0.69888800,0.69932900
18.984960,0.70461700,0.65904700,0.69339900,0.69012700,0.68826000,0.68910500,0.68931800,0.68950600
19.022560,0.70545700,0.65635500,0.69703800,0.69194100,0.68790500,0.68739000,0.68734200,0.68734200
19.060150,0.70002000,0.65341600,0.69339600,0.69607900,0.69245900,0.69119600,0.69098500,0.69085100
19.097740,0.70189800,0.64686300,0.68203200,0.69953900,0.69855400,0.69727300,0.69701900,0.69683000
19.135340,0.71094400,0.64778300,0.67210900,0.69499300,0.69730200,0.69701500,0.69692700,0.69684500
19.172930,0.71840000,0.66145800,0.67005700,0.68157300,0.68779500,0.68881800,0.68897400,0.68906900
19.210530,0.72134300,0.68047600,0.67694900,0.67058400,0.67914300,0.68093700,0.68124400,0.68143600
19.248120,0.72159500,0.70003000,0.68949200,0.67016100,0.67653900,0.67810800,0.67838600,0.67855800
19.285710,0.72406600,0.71979400,0.70285500,0.68150000,0.68036100,0.68081700,0.68090300,0.68094900
19.323310,0.72995700,0.73889900,0.70992500,0.70265800,0.69284300,0.69130500,0.69103600,0.69082700
19.360900,0.73029800,0.75728900,0.70823100,0.72511000,0.71396900,0.71107000,0.71051900,0.71010800
19.398490,0.71614900,0.77233100,0.70789100,0.74003000,0.73508000,0.73295600,0.73250300,0.73217300
19.436090,0.69004900,0.77520500,0.71764100,0.74412900,0.74656600,0.74647700,0.74641200,0.74639700
19.473680,0.66620600,0.75883800,0.72956500,0.74178200,0.74756200,0.74851200,0.74868500,0.74887300
19.511280,0.65627300,0.73112900,0.73229700,0.73542000,0.74369300,0.74479900,0.74498500,0.74517100
19.548870,0.65870100,0.71015400,0.72836100,0.72009600,0.73152500,0.73370800,0.73408100,0.73437000
19.586470,0.66543600,0.69910100,0.73171000,0.70394600,0.71150800,0.71384000,0.71430600,0.71463300
19.624060,0.67577200,0.69263700,0.74391900,0.70106700,0.69925200,0.69985800,0.70002100,0.70011800
19.661650,0.69043600,0.69314500,0.75354600,0.70992500,0.69928100,0.69815300,0.69796600,0.69780800
19.699250,0.70277600,0.70190500,0.75280600,0.72201500,0.70642700,0.70400600,0.70358800,0.70327800
19.736840,0.70912100,0.70683800,0.74168400,0.73165900,0.71743900,0.71448100,0.71395000,0.71357900
19.774440,0.71335300,0.69782800,0.72643000,0.73775200,0.72759800,0.72526000,0.72482000,0.72452500
19.812030,0.71615400,0.68089700,0.71297100,0.73987900,0.73511300,0.73344100,0.73312500,0.73291100
19.849620,0.71690800,0.67202700,0.69931500,0.73426200,0.73821000,0.73755700,0.73738900,0.73725500
19.887220,0.71405100,0.67731700,0.68346200,0.72432500,0.73379400,0.73470000,0.73478900,0.73481200
19.924810,0.70618000,0.69034700,0.66885600,0.71570500,0.72581900,0.72786500,0.72819100,0.72837400
19.962400,0.69888600,0.70508100,0.66324900,0.70828400,0.71890700,0.72150100,0.72199000,0.72231500
20.000000,0.69948800,0.71671600,0.66955000,0.69950300,0.71249600,0.71548400,0.71606100,0.71647600
