E[1] [eV],Im(eps)_ecutwfc_30,Im(eps)_ecutwfc_40,Im(eps)_ecutwfc_50,Im(eps)_ecutwfc_60,Im(eps)_ecutwfc_70,Im(eps)_ecutwfc_80,Im(eps)_ecutwfc_90,Im(eps)_ecutwfc_100
5.000000,1.16421900,1.06978800,1.05716900,1.07302500,1.07902600,1.08067500,1.08079800,1.08077700
5.037593,1.33863800,1.20105700,1.17975800,1.20732600,1.21818600,1.22114600,1.22136300,1.22132600
5.075188,1.51799400,1.39738100,1.37280800,1.40037100,1.41095300,1.41389700,1.41411200,1.41407300
5.112782,1.57934900,1.53754400,1.52142700,1.52728600,1.52924800,1.53001100,1.53007000,1.53005600
5.150376,1.51850700,1.52994700,1.52446600,1.50963800,1.50391700,1.50264000,1.50255200,1.50256100
5.187970,1.39037200,1.41207600,1.41660700,1.39307800,1.38415900,1.38189100,1.38172900,1.38174900
5.225564,1.26972600,1.26876700,1.27696000,1.25765200,1.25085600,1.24908800,1.24896200,1.24897800
5.263157,1.20924300,1.18357000,1.19073100,1.18128200,1.17865900,1.17795300,1.17790800,1.17791100
5.300752,1.19612900,1.15629200,1.16576600,1.16252100,1.16285400,1.16287400,1.16288800,1.16288500
5.338346,1.25955000,1.18449700,1.19663000,1.20344400,1.20880800,1.21013700,1.21025400,1.21023500
5.375940,1.45640400,1.32142900,1.33497300,1.35914400,1.37254100,1.37596600,1.37624600,1.37620000
5.413534,1.79696000,1.60233800,1.61820100,1.66036900,1.68125800,1.68660900,1.68703400,1.68696500
5.451128,2.17187300,1.97041700,1.98796700,2.03290900,2.05241100,2.05738200,2.05776700,2.05770400
5.488721,2.38356600,2.24212300,2.25400000,2.27629800,2.28306200,2.28481800,2.28494100,2.28491800
5.526316,2.38823400,2.29998900,2.29422500,2.28554800,2.27968400,2.27835300,2.27824000,2.27824800
5.563910,2.31306600,2.20618700,2.18198400,2.15860900,2.14981700,2.14795800,2.14781200,2.14782000
5.601503,2.28707100,2.12464400,2.09872500,2.08734800,2.08561200,2.08564700,2.08564900,2.08563300
5.639097,2.30516500,2.15648100,2.14015100,2.14155800,2.14468200,2.14589600,2.14598200,2.14595800
5.676692,2.29152600,2.21768800,2.20813400,2.20756000,2.20852400,2.20912100,2.20915600,2.20914500
5.714285,2.21127600,2.21861300,2.20682500,2.19808300,2.19416700,2.19344700,2.19338400,2.19339200
5.751880,2.04276400,2.12205200,2.10429700,2.08665000,2.07850400,2.07667400,2.07653100,2.07655600
5.789474,1.90785500,1.97790400,1.96228900,1.95062700,1.94529100,1.94420300,1.94411600,1.94413400
5.827067,1.87469100,1.89814800,1.88608800,1.88108300,1.87854900,1.87807200,1.87803000,1.87803900
5.864661,1.82158400,1.83926200,1.82184000,1.80986400,1.80478800,1.80346800,1.80336500,1.80338100
5.902255,1.68157700,1.72185000,1.70255300,1.68717800,1.68114300,1.67942300,1.67929500,1.67931800
5.939849,1.54643200,1.59233800,1.57983500,1.56961800,1.56591200,1.56468800,1.56460000,1.56461900
5.977444,1.47627200,1.50805300,1.50184000,1.49633600,1.49504200,1.49443900,1.49440000,1.49441100
6.015037,1.45272600,1.47132900,1.47280100,1.47284900,1.47399800,1.47408600,1.47409700,1.47410100
6.052631,1.45222800,1.46901100,1.47800400,1.47862800,1.47916600,1.47922000,1.47922600,1.47923000
6.090225,1.44628200,1.46216400,1.46652900,1.45975200,1.45730700,1.45676100,1.45672100,1.45672800
6.127820,1.41301000,1.42630000,1.41652300,1.39937600,1.39340800,1.39201100,1.39190700,1.39191800
6.165413,1.31446100,1.33281500,1.30319600,1.27321400,1.26311000,1.26067600,1.26049600,1.26051400
6.203007,1.16204900,1.17802800,1.14158500,1.11379600,1.10505200,1.10293600,1.10277900,1.10279500
6.240601,1.02895200,1.04045700,1.01323300,0.99603100,0.99058400,0.98921800,0.98911700,0.98912900
6.278195,0.93931100,0.94298600,0.91967400,0.90534300,0.89992100,0.89859100,0.89849500,0.89850700
6.315789,0.85535100,0.84942700,0.83029200,0.81994900,0.81563800,0.81465600,0.81458400,0.81459500
6.353383,0.79126200,0.78297400,0.77805600,0.77931000,0.77921500,0.77924800,0.77925000,0.77925500
6.390977,0.78660300,0.78158900,0.79197000,0.80497000,0.80881500,0.80973800,0.80980500,0.80980300
6.428571,0.82910600,0.83118200,0.84734000,0.86205600,0.86573800,0.86655100,0.86661000,0.86661000
6.466165,0.85844400,0.86899700,0.87770200,0.88109500,0.88048100,0.88024200,0.88022400,0.88023100
6.503759,0.83612900,0.84519200,0.83765500,0.82358900,0.81774900,0.81631100,0.81620600,0.81621800
6.541353,0.75580700,0.75393900,0.73581900,0.71468300,0.70765700,0.70602700,0.70590800,0.70592000
6.578947,0.64832600,0.64897100,0.63795000,0.62670700,0.62299200,0.62215100,0.62208800,0.62209600
6.616541,0.57146100,0.58869000,0.59197900,0.59639700,0.59733300,0.59751200,0.59752300,0.59752700
6.654135,0.55052600,0.58818400,0.60521400,0.62082600,0.62532200,0.62626100,0.62632800,0.62632900
6.691729,0.58434600,0.63517000,0.65648700,0.67303300,0.67756800,0.67854000,0.67861200,0.67861100
6.729323,0.65137300,0.69115800,0.70368300,0.71433400,0.71663200,0.71716000,0.71720000,0.71719900
6.766917,0.70251000,0.71750500,0.72361900,0.72876800,0.72940500,0.72958000,0.72959200,0.72959400
6.804511,0.71090100,0.71743600,0.72754100,0.73064200,0.73098900,0.73111100,0.73111700,0.73111900
6.842104,0.71098100,0.72109800,0.72855100,0.72397500,0.72187400,0.72142800,0.72139400,0.72139600
6.879699,0.71765300,0.70745000,0.69114500,0.67106000,0.66444100,0.66295100,0.66285000,0.66285500
6.917293,0.67753800,0.63288100,0.59909200,0.57269700,0.56492900,0.56318400,0.56307100,0.56307600
6.954887,0.58500800,0.52898200,0.50283200,0.48458000,0.47947700,0.47834500,0.47827600,0.47828100
6.992481,0.49466800,0.45264600,0.44363900,0.43805300,0.43625700,0.43586200,0.43584400,0.43584700
7.030074,0.44040000,0.42066400,0.42308300,0.42520500,0.42522700,0.42519600,0.42520300,0.42520500
7.067669,0.42246100,0.41598000,0.41541300,0.41381400,0.41276300,0.41246100,0.41244600,0.41244800
7.105263,0.41602800,0.40223400,0.38992700,0.38256100,0.38035800,0.37983800,0.37980500,0.37980700
7.142857,0.39113300,0.37075600,0.35850200,0.35423400,0.35318000,0.35296900,0.35295600,0.35295600
7.180451,0.35951600,0.35068800,0.34902800,0.35312900,0.35429600,0.35461600,0.35463900,0.35463700
7.218045,0.34998000,0.35937800,0.37136100,0.38298200,0.38605700,0.38680500,0.38685800,0.38685300
7.255639,0.37111900,0.39493400,0.41569000,0.42753300,0.43031200,0.43095600,0.43099900,0.43099000
7.293232,0.41010200,0.43528600,0.45157100,0.45546900,0.45587600,0.45593600,0.45593200,0.45591800
7.330826,0.43675000,0.45173700,0.45739400,0.45018100,0.44750900,0.44681400,0.44674800,0.44672700
7.368421,0.43928000,0.43438600,0.42486200,0.40711600,0.40196200,0.40068600,0.40057300,0.40054500
7.406014,0.41694500,0.38285000,0.36747100,0.35103400,0.34665800,0.34555500,0.34545100,0.34542200
7.443608,0.36877900,0.32562600,0.32145300,0.31443300,0.31267500,0.31219700,0.31214300,0.31212100
7.481203,0.31923000,0.29108700,0.30287200,0.30642700,0.30724400,0.30740800,0.30741400,0.30741100
7.518797,0.29117900,0.28594200,0.31011500,0.32216000,0.32470600,0.32521100,0.32525600,0.32526500
7.556391,0.29026400,0.30576000,0.33194200,0.34483200,0.34744300,0.34789500,0.34793700,0.34794300
7.593984,0.31218500,0.33572600,0.35290600,0.36336200,0.36569100,0.36612000,0.36615700,0.36616000
7.631578,0.34224400,0.36241200,0.37463000,0.38277400,0.38435300,0.38467600,0.38470600,0.38471100
7.669173,0.36691700,0.38633400,0.38637800,0.38426900,0.38257400,0.38228800,0.38227400,0.38228300
7.706767,0.38546700,0.38957000,0.36423900,0.35430100,0.35083500,0.35024400,0.35021100,0.35022400
7.744360,0.38375400,0.36295200,0.32957200,0.32252200,0.32040300,0.31999600,0.31997700,0.31998800
7.781955,0.35855500,0.33402000,0.30760900,0.30195100,0.30052100,0.30007000,0.30003400,0.30003200
7.819549,0.33194600,0.31079100,0.28509400,0.27434000,0.27195800,0.27129800,0.27123400,0.27122000
7.857142,0.30694500,0.27656000,0.25108600,0.23856700,0.23625800,0.23582100,0.23578400,0.23578500
7.894736,0.26898400,0.23785200,0.22260000,0.21387000,0.21267600,0.21260600,0.21262100,0.21264900
7.932330,0.22851900,0.21281200,0.21083500,0.20827200,0.20822000,0.20837600,0.20840900,0.20843900
7.969924,0.20274000,0.20661200,0.21355300,0.21603600,0.21634900,0.21656900,0.21659700,0.21661700
8.007519,0.19562700,0.21335400,0.21866000,0.21906400,0.21818800,0.21814700,0.21816000,0.21817800
8.045113,0.20253200,0.21499600,0.20909700,0.20557900,0.20362000,0.20329200,0.20328600,0.20329900
8.082706,0.20925900,0.20017600,0.18938500,0.18894400,0.18771300,0.18741600,0.18740000,0.18739800
8.120299,0.20038700,0.18324100,0.17721200,0.18204100,0.18266500,0.18264000,0.18263000,0.18261500
8.157894,0.18422400,0.17847200,0.18126300,0.18979500,0.19234600,0.19268000,0.19269400,0.19267900
8.195488,0.17742500,0.19069500,0.20355200,0.21467900,0.21860800,0.21925700,0.21929400,0.21928500
8.233082,0.18684600,0.22074200,0.23945000,0.24913800,0.25266400,0.25336200,0.25340700,0.25341000
8.270677,0.21290800,0.25964600,0.26941900,0.27011200,0.27090300,0.27118300,0.27121700,0.27124100
8.308270,0.24778000,0.28294300,0.27166700,0.26200400,0.26015900,0.25988300,0.25989100,0.25992500
8.345864,0.27198700,0.27428500,0.24819100,0.23433700,0.23194200,0.23147400,0.23145900,0.23148400
8.383458,0.27040900,0.24390100,0.21948800,0.20799100,0.20669900,0.20644300,0.20643300,0.20644700
8.421052,0.24403000,0.21461300,0.20347600,0.19649800,0.19615700,0.19618400,0.19618900,0.19620000
8.458646,0.21161600,0.19945500,0.20179200,0.19593900,0.19490200,0.19490800,0.19491700,0.19493000
8.496240,0.19189900,0.19650400,0.20197700,0.19311400,0.19032400,0.19004700,0.19003200,0.19003800
8.533834,0.18792400,0.19381700,0.19545200,0.18584700,0.18202800,0.18152200,0.18147700,0.18146300
8.571428,0.18917000,0.18585900,0.18545300,0.18012300,0.17653400,0.17593900,0.17586800,0.17583000
8.609021,0.18404000,0.17780100,0.17934800,0.18023500,0.17783400,0.17725100,0.17715800,0.17709400
8.646616,0.17450800,0.17549000,0.17987200,0.18148500,0.17975400,0.17910700,0.17899500,0.17891700
8.684210,0.16857000,0.17651900,0.17655500,0.17401300,0.17259500,0.17186300,0.17175600,0.17168900
8.721804,0.16976000,0.16911000,0.16477900,0.16262400,0.16251500,0.16208800,0.16201700,0.16197400
8.759398,0.16879900,0.15586800,0.15613000,0.15799000,0.15903800,0.15926200,0.15927600,0.15928000
8.796992,0.16056600,0.15026100,0.15649100,0.15980700,0.16065500,0.16110700,0.16118100,0.16122900
8.834586,0.15568700,0.15438200,0.15799900,0.15764300,0.15724800,0.15730800,0.15735000,0.15738800
8.872180,0.15879000,0.15685400,0.15021700,0.14616200,0.14544000,0.14525900,0.14526000,0.14527300
8.909773,0.16057500,0.14919800,0.13900600,0.13612400,0.13630900,0.13622900,0.13622600,0.13622700
8.947368,0.15228200,0.14045800,0.13445800,0.13499400,0.13573600,0.13587500,0.13588600,0.13588900
8.984962,0.14254500,0.13861600,0.13579400,0.13810000,0.13767200,0.13782200,0.13784800,0.13786400
9.022555,0.13961700,0.14107000,0.13351100,0.13409600,0.13183700,0.13171300,0.13172700,0.13174300
9.060150,0.14121200,0.13845100,0.12424400,0.12324700,0.12118800,0.12080300,0.12077500,0.12076300
9.097744,0.13956600,0.12926700,0.11688400,0.11562500,0.11569500,0.11530600,0.11524900,0.11521000
9.135338,0.13089900,0.12154300,0.11788800,0.11726900,0.11929000,0.11930600,0.11928000,0.11925300
9.172933,0.12367500,0.11986400,0.12864900,0.12992500,0.13281600,0.13332100,0.13335800,0.13336500
9.210526,0.12484100,0.12631400,0.14773400,0.15182400,0.15505200,0.15569600,0.15575200,0.15577200
9.248120,0.13510300,0.14138100,0.16866000,0.17389200,0.17646100,0.17689400,0.17694300,0.17696700
9.285713,0.15289400,0.15970600,0.18003300,0.18316100,0.18413300,0.18432100,0.18436100,0.18438900
9.323307,0.17204400,0.16896000,0.17852300,0.17928200,0.17879600,0.17889600,0.17892900,0.17895300
9.360902,0.17975800,0.16638300,0.17133900,0.16941200,0.16724000,0.16708200,0.16709700,0.16711800
9.398496,0.17477100,0.15932600,0.15657600,0.15178500,0.14819700,0.14764200,0.14761600,0.14762200
9.436090,0.16697000,0.14473000,0.13214600,0.12950500,0.12666300,0.12606400,0.12602100,0.12601000
9.473684,0.15503100,0.12281000,0.10929200,0.10960100,0.10916300,0.10873700,0.10869800,0.10868000
9.511277,0.13844500,0.10445000,0.09507600,0.09561100,0.09733100,0.09723500,0.09722100,0.09720900
9.548872,0.12460000,0.09456700,0.08947900,0.08917900,0.09154500,0.09194000,0.09198800,0.09201100
9.586466,0.11654400,0.09259200,0.09071300,0.09002000,0.09191200,0.09256800,0.09266400,0.09271700
9.624060,0.11479100,0.09731300,0.09693400,0.09604800,0.09724900,0.09777000,0.09785500,0.09790700
9.661654,0.11943300,0.10667600,0.10424800,0.10122400,0.10158100,0.10174900,0.10179300,0.10182300
9.699247,0.12514200,0.11457200,0.10472400,0.09995500,0.09974300,0.09970300,0.09971700,0.09973000
9.736841,0.12424100,0.11405900,0.09834200,0.09630000,0.09616800,0.09618100,0.09619700,0.09620700
9.774436,0.12052100,0.10855000,0.09454200,0.09659900,0.09645500,0.09646700,0.09646800,0.09646200
9.812029,0.12143700,0.10589500,0.09802500,0.10285500,0.10198000,0.10192600,0.10189700,0.10186900
9.849624,0.12498000,0.10911500,0.10609900,0.11047100,0.10840100,0.10817700,0.10812700,0.10809100
9.887218,0.12527200,0.11328200,0.11200400,0.11353600,0.11143200,0.11094200,0.11086900,0.11082900
9.924811,0.12319500,0.11221900,0.11474300,0.11478000,0.11391400,0.11332500,0.11323300,0.11318100
9.962406,0.12185600,0.10928800,0.11521900,0.11455600,0.11499500,0.11461100,0.11454500,0.11450600
9.999999,0.12252900,0.10584400,0.10987600,0.11009800,0.11238400,0.11242800,0.11243000,0.11243100
10.037590,0.12743000,0.10084400,0.10288800,0.10471500,0.10845500,0.10915800,0.10926600,0.10933300
10.075190,0.13309900,0.09875100,0.10195500,0.10313100,0.10650700,0.10758300,0.10776600,0.10788300
10.112780,0.13344200,0.10281500,0.10773800,0.10695500,0.10873700,0.10956100,0.10971400,0.10981200
10.150380,0.12722900,0.11086400,0.11335300,0.11168600,0.11203300,0.11236300,0.11243900,0.11249000
10.187970,0.11699000,0.11732200,0.11330900,0.11250600,0.11289300,0.11286300,0.11287600,0.11288400
10.225560,0.10544800,0.12055400,0.11077800,0.10913800,0.10998700,0.10986400,0.10984700,0.10983100
10.263160,0.09484000,0.12095100,0.10679000,0.10260700,0.10271400,0.10273400,0.10273800,0.10273400
10.300750,0.08652500,0.11711900,0.09911300,0.09436300,0.09300500,0.09306700,0.09309800,0.09311800
10.338350,0.08079400,0.11088000,0.09044400,0.08752400,0.08459100,0.08444400,0.08445400,0.08446500
10.375940,0.07795000,0.10497000,0.08347600,0.08233700,0.07820100,0.07773400,0.07769100,0.07766900
10.413530,0.07629500,0.10196200,0.07920700,0.07911300,0.07534500,0.07453900,0.07443100,0.07436400
10.451130,0.07413200,0.10356500,0.07827600,0.07893100,0.07713100,0.07617300,0.07601400,0.07590700
10.488720,0.07303600,0.10873900,0.08035700,0.08155500,0.08153200,0.08095000,0.08081400,0.08071300
10.526310,0.07530300,0.11264000,0.08501400,0.08465100,0.08528100,0.08523100,0.08518600,0.08514100
10.563910,0.08100400,0.11201900,0.08959400,0.08512900,0.08644100,0.08649100,0.08649500,0.08648800
10.601500,0.08917300,0.11172400,0.09230900,0.08358700,0.08577300,0.08595600,0.08598900,0.08600500
10.639100,0.09908700,0.11446200,0.09678800,0.08545400,0.08732200,0.08777800,0.08785900,0.08790400
10.676690,0.10853200,0.11498100,0.10674500,0.09395200,0.09413600,0.09451900,0.09458100,0.09461300
10.714280,0.11518800,0.11006000,0.11945600,0.10671400,0.10443500,0.10450900,0.10451000,0.10451400
10.751880,0.11737800,0.10264000,0.12573000,0.11638800,0.11210600,0.11166400,0.11159900,0.11157900
10.789470,0.11540100,0.09504700,0.12291400,0.11836900,0.11428300,0.11336600,0.11322300,0.11315300
10.827070,0.11162400,0.08814500,0.11718000,0.11402500,0.11199200,0.11093400,0.11074700,0.11063500
10.864660,0.10869400,0.08351900,0.11304600,0.10775100,0.10729400,0.10661900,0.10647200,0.10637800
10.902250,0.10750100,0.08192100,0.11155400,0.10507700,0.10420100,0.10408100,0.10404300,0.10402000
10.939850,0.10854100,0.08214600,0.10976700,0.10654600,0.10415100,0.10405100,0.10405000,0.10405800
10.977440,0.11145700,0.08139900,0.10622300,0.10682000,0.10341500,0.10288400,0.10281100,0.10276900
11.015040,0.11492600,0.07873000,0.10252500,0.10406600,0.10056000,0.09980500,0.09967000,0.09958500
11.052630,0.11732900,0.07644200,0.09951900,0.10108600,0.09878500,0.09800700,0.09787200,0.09779300
11.090220,0.11948200,0.07657500,0.09661800,0.10054700,0.09959900,0.09910900,0.09901400,0.09896200
11.127820,0.12293800,0.07758400,0.09207300,0.10320900,0.10161400,0.10160900,0.10160900,0.10161200
11.165410,0.12628000,0.07768600,0.08632100,0.10696900,0.10404500,0.10394400,0.10396700,0.10398300
11.203010,0.12615200,0.07922500,0.08156000,0.10745700,0.10695400,0.10609000,0.10598500,0.10591000
11.240600,0.11980200,0.08547600,0.07777600,0.10246800,0.10840500,0.10762200,0.10744500,0.10730200
11.278190,0.10799600,0.09696800,0.07539300,0.09340500,0.10324300,0.10416400,0.10422500,0.10422000
11.315790,0.09608500,0.11070000,0.07556100,0.08448400,0.09236300,0.09457800,0.09494900,0.09516600
11.353380,0.08831500,0.12166700,0.07826000,0.07816200,0.08305900,0.08481000,0.08518800,0.08543900
11.390980,0.08598400,0.12735700,0.08224700,0.07518100,0.07846500,0.07932900,0.07953600,0.07968100
11.428570,0.08910200,0.12847800,0.08645600,0.07620400,0.07757300,0.07811400,0.07823400,0.07831700
11.466160,0.09576300,0.12489000,0.09162500,0.08087800,0.08006900,0.08034300,0.08041200,0.08046400
11.503760,0.10100900,0.11733900,0.09794100,0.08877200,0.08657400,0.08642700,0.08642400,0.08643600
11.541350,0.10122600,0.10963800,0.10287700,0.09865600,0.09560000,0.09517200,0.09511200,0.09509000
11.578950,0.09857200,0.10585200,0.10453200,0.10614800,0.10288600,0.10228500,0.10218900,0.10213800
11.616540,0.09790700,0.10738700,0.10488800,0.10792800,0.10610200,0.10531200,0.10517400,0.10508800
11.654130,0.10249700,0.11207100,0.10603300,0.10772200,0.10763900,0.10715700,0.10704600,0.10697100
11.691730,0.11289100,0.11636900,0.10758700,0.10941100,0.10911800,0.10935400,0.10939600,0.10942000
11.729320,0.12694200,0.11844600,0.10876400,0.10986100,0.10928600,0.10942600,0.10951700,0.10958400
11.766920,0.13996000,0.11893100,0.11249300,0.10522200,0.10646800,0.10615600,0.10613700,0.10612800
11.804510,0.14902100,0.11824200,0.11901000,0.09920400,0.10217200,0.10227600,0.10226700,0.10225500
11.842100,0.15533900,0.11765400,0.12431400,0.09689600,0.09841100,0.09932600,0.09947000,0.09956200
11.879700,0.16319000,0.11858800,0.12701500,0.09893800,0.09694000,0.09779900,0.09800400,0.09815400
11.917290,0.17429900,0.11919800,0.12739100,0.10460200,0.09994000,0.09978200,0.09983200,0.09989000
11.954890,0.18911700,0.12007300,0.12733800,0.11515200,0.10741800,0.10649100,0.10636700,0.10631000
11.992480,0.20849400,0.12257400,0.12775900,0.12948400,0.11813400,0.11648700,0.11622500,0.11608300
12.030070,0.23251900,0.12546100,0.12738400,0.14090100,0.13030600,0.12766700,0.12719300,0.12691400
12.067670,0.25717600,0.13084500,0.12815000,0.14515600,0.13997600,0.13758000,0.13706200,0.13673500
12.105260,0.27823200,0.14107100,0.13066500,0.14503000,0.14552800,0.14463600,0.14438500,0.14421600
12.142860,0.29659300,0.15340000,0.13404700,0.14447300,0.14929100,0.14970000,0.14973000,0.14975000
12.180450,0.31165200,0.16532600,0.13939000,0.14622400,0.15305000,0.15460100,0.15488800,0.15507900
12.218040,0.32632200,0.17825600,0.14848800,0.15237500,0.15929400,0.16101000,0.16138800,0.16164800
12.255640,0.33754900,0.19366100,0.16462000,0.16558700,0.17058000,0.17219300,0.17250900,0.17272100
12.293230,0.34017300,0.20718200,0.19100500,0.18613500,0.18882100,0.19027100,0.19054600,0.19072400
12.330830,0.33719500,0.21412600,0.22300100,0.21181200,0.21518000,0.21608800,0.21626900,0.21639000
12.368420,0.33667300,0.22230500,0.24842800,0.23696300,0.24178000,0.24290200,0.24310700,0.24323600
12.406010,0.34675100,0.23877500,0.26383600,0.25589900,0.25924900,0.26053600,0.26080900,0.26098500
12.443610,0.36770600,0.26410600,0.27471900,0.27348100,0.27313600,0.27405800,0.27428300,0.27442500
12.481200,0.39179200,0.29544800,0.27745100,0.29109100,0.28815600,0.28822400,0.28832300,0.28838100
12.518800,0.41266000,0.31881700,0.27373300,0.30248200,0.29849800,0.29760800,0.29751700,0.29744400
12.556390,0.42380500,0.33175500,0.27258800,0.30924900,0.30484800,0.30331300,0.30305800,0.30286900
12.593980,0.41943800,0.34276500,0.27244000,0.30981900,0.30764100,0.30569400,0.30529600,0.30501200
12.631580,0.40828300,0.34736800,0.27682700,0.30445000,0.30977200,0.30861000,0.30830300,0.30807600
12.669170,0.40453100,0.34542000,0.28990700,0.30388500,0.32062000,0.32143500,0.32147500,0.32147800
12.706770,0.42216800,0.35152700,0.30600400,0.31617700,0.33728600,0.34169500,0.34237100,0.34278100
12.744360,0.46520200,0.37133100,0.31700600,0.33366300,0.34846900,0.35450200,0.35566500,0.35642000
12.781950,0.53232900,0.39545100,0.32941200,0.34960400,0.35523100,0.35930900,0.36023100,0.36083800
12.819550,0.62492800,0.41726800,0.35631000,0.37239900,0.37295900,0.37407800,0.37442200,0.37462900
12.857140,0.73214700,0.44685300,0.39696200,0.40481900,0.40821600,0.40765000,0.40755500,0.40743900
12.894740,0.81829800,0.49799200,0.44547000,0.44455600,0.45425600,0.45475200,0.45472500,0.45461400
12.932330,0.86010400,0.56962800,0.50139000,0.49326600,0.50688000,0.50940000,0.50978800,0.50992400
12.969920,0.87016800,0.65124400,0.56954400,0.56213400,0.57488100,0.57805500,0.57865600,0.57890900
13.007520,0.87568100,0.73663500,0.65787000,0.65542700,0.66095900,0.66287900,0.66332600,0.66346500
13.045110,0.89881600,0.82107300,0.76557500,0.76361100,0.75644100,0.75540400,0.75534300,0.75515200
13.082710,0.95265900,0.90722400,0.87324400,0.87778300,0.85505800,0.85075700,0.85005400,0.84946500
13.120300,1.03032100,0.97497700,0.95957200,0.99106100,0.95604900,0.94873600,0.94744700,0.94647500
13.157890,1.10669800,1.00399300,1.01995200,1.08470500,1.05105400,1.04096600,1.03917600,1.03789900
13.195490,1.14545900,1.01478900,1.03963100,1.10272100,1.08888500,1.07954800,1.07773700,1.07650400
13.233080,1.13545300,1.02320600,1.00488200,1.04492900,1.05559100,1.05292400,1.05224400,1.05174800
13.270670,1.10217400,1.01991700,0.96833800,1.00106100,1.01900400,1.02292600,1.02370600,1.02413300
13.308270,1.08665000,0.99999600,0.97524800,1.01192200,1.02248700,1.02730000,1.02846800,1.02914800
13.345860,1.12752600,0.99979900,0.99572600,1.02645600,1.03812600,1.04090300,1.04167800,1.04216500
13.383460,1.20637300,1.04319900,0.98842600,0.99659800,1.02222900,1.02537500,1.02600400,1.02640600
13.421050,1.23322100,1.09643200,0.97801000,0.96846700,0.99763600,1.00373600,1.00479900,1.00540100
13.458640,1.17889100,1.11328800,1.01366700,0.98838300,1.00325800,1.00903600,1.01014400,1.01072900
13.496240,1.11660100,1.10588400,1.09062800,1.03303700,1.02760300,1.02969600,1.03028000,1.03058300
13.533830,1.10165500,1.11988300,1.14760000,1.05872000,1.03936000,1.03792000,1.03789600,1.03789400
13.571430,1.14973600,1.16788700,1.15816800,1.06765200,1.04034500,1.03599700,1.03539200,1.03504600
13.609020,1.24567200,1.23852900,1.16284800,1.09445900,1.06042400,1.05300700,1.05178700,1.05104100
13.646620,1.35514200,1.29443000,1.19681300,1.15498400,1.11791100,1.10802400,1.10632700,1.10523600
13.684210,1.43957600,1.30393300,1.25920500,1.23835800,1.20949900,1.19888200,1.19698700,1.19565300
13.721800,1.46638400,1.30563100,1.31147700,1.31282400,1.30266400,1.29517100,1.29369700,1.29249300
13.759400,1.42925500,1.32943500,1.30735500,1.34844600,1.36371100,1.36372400,1.36347700,1.36305200
13.796990,1.39083400,1.36028800,1.27277800,1.33278700,1.36287600,1.37101200,1.37245800,1.37329700
13.834590,1.40141800,1.39081200,1.26445000,1.28935200,1.31653200,1.32534200,1.32722300,1.32854200
13.872180,1.42813900,1.42230400,1.29043900,1.26340100,1.27431300,1.27936700,1.28063500,1.28161200
13.909770,1.39597700,1.40902900,1.34939600,1.28550700,1.26999500,1.26909600,1.26928000,1.26949800
13.947370,1.31223700,1.33974000,1.42753300,1.35114100,1.31043800,1.30319000,1.30203500,1.30126100
13.984960,1.25811000,1.29667300,1.46037200,1.41343900,1.37157100,1.36089200,1.35901500,1.35774000
14.022560,1.27192300,1.32238600,1.41747400,1.43752300,1.42643800,1.41972500,1.41843100,1.41754900
14.060150,1.33730000,1.35432500,1.35543400,1.43019400,1.45206300,1.45538700,1.45589600,1.45621600
14.097740,1.40837500,1.35250700,1.29515900,1.39199100,1.41943500,1.42716700,1.42862200,1.42962800
14.135340,1.42271000,1.34226900,1.22569300,1.32747100,1.34991600,1.35538100,1.35639800,1.35714800
14.172930,1.37926600,1.32660500,1.18227200,1.25071500,1.28757600,1.29319200,1.29411000,1.29487400
14.210530,1.34316600,1.28504400,1.19617200,1.18361500,1.23255700,1.24289400,1.24456800,1.24586500
14.248120,1.31614800,1.23084100,1.23914100,1.15065500,1.17400400,1.18596300,1.18815700,1.18977100
14.285710,1.25903900,1.18478600,1.26902700,1.15303100,1.13321300,1.13710200,1.13816100,1.13899900
14.323310,1.18148400,1.14917900,1.28075900,1.16822700,1.13136200,1.12540800,1.12465000,1.12424100
14.360900,1.12006500,1.13130000,1.28214900,1.17252900,1.14580400,1.13776600,1.13636500,1.13547800
14.398490,1.10094200,1.13656000,1.28476600,1.19595500,1.16499300,1.15736300,1.15601600,1.15508200
14.436090,1.11103700,1.14162600,1.28932600,1.24790100,1.20593600,1.19454100,1.19246900,1.19093700
14.473680,1.11310300,1.12550800,1.25494100,1.28810800,1.24017300,1.22828500,1.22602900,1.22434200
14.511280,1.07296400,1.10594500,1.16685600,1.28645500,1.24673000,1.23446400,1.23225000,1.23063700
14.548870,1.02932000,1.10175900,1.05867600,1.21708500,1.22307600,1.21440800,1.21260700,1.21121400
14.586460,1.03559900,1.11060100,0.97085100,1.09846400,1.15567900,1.15941100,1.15940200,1.15918400
14.624060,1.07579400,1.12568000,0.92196900,0.98548900,1.06407900,1.08256600,1.08536700,1.08724200
14.661650,1.10272600,1.10774600,0.89972800,0.91451100,0.98039700,1.00405100,1.00848400,1.01178200
14.699250,1.09594900,1.04676800,0.89686600,0.89451200,0.92584400,0.94375000,0.94747900,0.95046800
14.736840,1.07510100,0.97834200,0.92217600,0.90671100,0.90907600,0.91687800,0.91875300,0.92046000
14.774440,1.04817100,0.93422300,0.97460300,0.92820500,0.92557800,0.92631500,0.92669500,0.92726000
14.812030,1.00439300,0.92274100,1.00427600,0.94842900,0.94728200,0.94705400,0.94707500,0.94727600
14.849620,0.94342700,0.93573100,0.98548500,0.96205300,0.95251900,0.95219200,0.95222700,0.95236700
14.887220,0.89560800,0.95699700,0.95579100,0.94864200,0.93787300,0.93655200,0.93645300,0.93641800
14.924810,0.88644500,0.96651500,0.92839900,0.91483200,0.90416800,0.90234900,0.90218100,0.90191000
14.962400,0.90124400,0.96764300,0.90143900,0.88137400,0.86202500,0.85572600,0.85476500,0.85380400
15.000000,0.92520200,0.95445700,0.88724000,0.84598600,0.83161700,0.82022800,0.81801200,0.81611600
15.037590,0.93943600,0.91976100,0.90438900,0.82413100,0.82209500,0.81467200,0.81269300,0.81099300
15.075190,0.90881200,0.88878000,0.94308600,0.84029200,0.83181200,0.83025700,0.82959600,0.82899800
15.112780,0.84660800,0.85991600,0.96596100,0.88134700,0.85729400,0.85506100,0.85467700,0.85443800
15.150370,0.78806800,0.82439600,0.95820600,0.89793400,0.87220700,0.86886400,0.86832800,0.86808200
15.187970,0.75470900,0.78499700,0.92859900,0.88680800,0.86304400,0.86042300,0.86002500,0.85989700
15.225560,0.74973600,0.76165100,0.87095500,0.87891400,0.85333500,0.84906800,0.84840500,0.84796700
15.263160,0.75159100,0.77969700,0.80157100,0.87804300,0.86093200,0.85527900,0.85425400,0.85335500
15.300750,0.75347100,0.84329900,0.75757400,0.87749500,0.87626200,0.87304300,0.87240600,0.87167300
15.338350,0.74974400,0.92100000,0.74982700,0.86762100,0.88509400,0.88499200,0.88496000,0.88475600
15.375940,0.72934100,0.95381200,0.75697500,0.83591700,0.86976100,0.87318600,0.87372300,0.87409000
15.413530,0.70538600,0.89356500,0.75869800,0.78134700,0.82039900,0.82871900,0.83005800,0.83111300
15.451130,0.68538700,0.77941300,0.75237600,0.71916200,0.75059900,0.76091000,0.76281100,0.76439300
15.488720,0.66992200,0.68216500,0.74687100,0.66902300,0.68377300,0.69106700,0.69251400,0.69381500
15.526320,0.65978600,0.61550300,0.73812300,0.63729900,0.62874100,0.63244500,0.63324500,0.63405300
15.563910,0.65186700,0.56895800,0.71334300,0.62310900,0.59495500,0.59441000,0.59456100,0.59490600
15.601500,0.66056800,0.54204100,0.68249100,0.61836100,0.58569500,0.58083100,0.58024300,0.58000500
15.639100,0.68032800,0.54249600,0.66327600,0.62449400,0.59307800,0.58518400,0.58395700,0.58308500
15.676690,0.67726000,0.57541500,0.64595300,0.65245200,0.61888300,0.60767000,0.60563000,0.60401500
15.714280,0.65424700,0.63054000,0.62244600,0.69002900,0.66861600,0.65710200,0.65468400,0.65273300
15.751880,0.64295000,0.67960300,0.61956400,0.71267100,0.72275300,0.71755500,0.71612100,0.71494300
15.789470,0.65884100,0.70661500,0.65058500,0.71524400,0.74787800,0.75262200,0.75312400,0.75345500
15.827070,0.67798000,0.71967400,0.68323000,0.70987600,0.73925200,0.74758800,0.74912300,0.75031000
15.864660,0.67186300,0.72748600,0.68516600,0.69372500,0.71351600,0.71963200,0.72085100,0.72181800
15.902260,0.65869100,0.73268600,0.67697800,0.67395200,0.68550400,0.68949800,0.69024300,0.69080800
15.939850,0.65885400,0.71604400,0.68258900,0.66356200,0.66981200,0.67262100,0.67313200,0.67349000
15.977440,0.66139200,0.67237300,0.69279800,0.65144800,0.65525800,0.65775000,0.65825300,0.65863000
16.015040,0.64342600,0.61162100,0.69589200,0.64309800,0.63332100,0.63416600,0.63443400,0.63469900
16.052630,0.59866200,0.55310900,0.68593200,0.64537200,0.61680200,0.61369600,0.61330400,0.61315400
16.090230,0.54654100,0.51769700,0.64964800,0.64752300,0.61377700,0.60731300,0.60627400,0.60567200
16.127820,0.49881300,0.51336800,0.59148800,0.63292500,0.61618300,0.61029600,0.60925500,0.60859900
16.165410,0.46326300,0.53532100,0.53986100,0.60098300,0.60489300,0.60275700,0.60230100,0.60192500
16.203010,0.45209600,0.55553200,0.50510600,0.56653200,0.57957500,0.58086000,0.58105300,0.58101200
16.240600,0.46463700,0.55824800,0.48047800,0.52806900,0.54831800,0.55163300,0.55226600,0.55255300
16.278190,0.49076900,0.55744600,0.46559200,0.48615400,0.51553300,0.52048100,0.52139900,0.52198600
16.315790,0.52764500,0.55476400,0.46428000,0.45546600,0.48820300,0.49436400,0.49541400,0.49620500
16.353380,0.56832400,0.54290200,0.47903100,0.44588300,0.46620000,0.47389300,0.47517400,0.47619300
16.390980,0.59334000,0.51636100,0.49926700,0.45366500,0.44973900,0.45550000,0.45663200,0.45759200
16.428570,0.58703300,0.48570100,0.50790200,0.47213400,0.45198700,0.45209600,0.45232800,0.45266300
16.466160,0.56211400,0.45875800,0.50430900,0.49097200,0.47329500,0.46906800,0.46844100,0.46815700
16.503760,0.54198500,0.44618200,0.49723900,0.49401200,0.49110300,0.48681900,0.48596600,0.48545400
16.541350,0.51748400,0.45831200,0.49504900,0.48512700,0.48759700,0.48608100,0.48560900,0.48525200
16.578950,0.48113900,0.48620500,0.49503500,0.48042700,0.47406900,0.47320100,0.47299100,0.47277900
16.616540,0.45053000,0.51317100,0.49206400,0.48165400,0.46549000,0.46264600,0.46221200,0.46183300
16.654130,0.44003500,0.52341700,0.49350000,0.48832000,0.47067400,0.46486900,0.46383700,0.46298800
16.691730,0.44973100,0.52028800,0.50502000,0.50280200,0.49684900,0.49096500,0.48964800,0.48854900
16.729320,0.46677600,0.52629400,0.52635200,0.52339200,0.53036700,0.52913600,0.52862500,0.52816100
16.766920,0.47510500,0.54501000,0.54522800,0.53614500,0.54606400,0.54925200,0.54980700,0.55021400
16.804510,0.46493300,0.55788600,0.54885600,0.53735700,0.53955400,0.54320600,0.54405000,0.54472500
16.842100,0.44921100,0.54846200,0.53102800,0.52510400,0.51926800,0.52108400,0.52160200,0.52205100
16.879700,0.44477200,0.52563100,0.49245400,0.49410900,0.48791200,0.48847500,0.48872200,0.48895100
16.917290,0.44942400,0.49574200,0.45289000,0.46259400,0.45620900,0.45535700,0.45531500,0.45529600
16.954890,0.45340400,0.45124900,0.43442100,0.44717900,0.43780600,0.43569900,0.43537200,0.43509000
16.992480,0.44913500,0.40378600,0.43447000,0.43824900,0.43063500,0.42858000,0.42822700,0.42793600
17.030080,0.43159800,0.37366800,0.44039400,0.42066600,0.42217100,0.42147300,0.42134200,0.42129100
17.067670,0.40467700,0.35979100,0.44370700,0.40135300,0.40846900,0.40924100,0.40933600,0.40948700
17.105260,0.37396100,0.34819800,0.43589800,0.39325000,0.39675500,0.39828400,0.39853700,0.39876800
17.142850,0.34677700,0.33763500,0.42044800,0.39178300,0.38978000,0.39066900,0.39089100,0.39104000
17.180450,0.33739800,0.33914300,0.39987300,0.39419600,0.38755400,0.38662900,0.38654100,0.38641600
17.218040,0.34913900,0.35858500,0.37381300,0.40396600,0.39461100,0.39203600,0.39156600,0.39114500
17.255640,0.37144300,0.39225500,0.35260100,0.41683000,0.40859700,0.40566700,0.40506900,0.40460400
17.293230,0.39453000,0.43161200,0.34416200,0.41707600,0.41949800,0.41791700,0.41753800,0.41732000
17.330830,0.41544400,0.46318200,0.34915500,0.40253500,0.41962000,0.42107500,0.42121800,0.42139500
17.368420,0.43671200,0.48126100,0.37036200,0.39360900,0.41589900,0.41976500,0.42035500,0.42081900
17.406010,0.45750300,0.48584800,0.40388200,0.39903700,0.41497400,0.41961800,0.42039400,0.42098000
17.443610,0.46784400,0.47097700,0.43617700,0.41237000,0.41671900,0.41963200,0.42017500,0.42060700
17.481200,0.45086500,0.44209400,0.46038200,0.42147100,0.41964000,0.42026600,0.42036800,0.42048600
17.518800,0.41509600,0.41117000,0.47396100,0.41398100,0.41120200,0.41179800,0.41191900,0.41203600
17.556390,0.38803800,0.38248300,0.47480600,0.40230800,0.39299900,0.39290200,0.39300000,0.39308500
17.593980,0.37502900,0.36234500,0.45950100,0.39744900,0.37852700,0.37588400,0.37557000,0.37533800
17.631580,0.36078300,0.35359800,0.42297600,0.39648400,0.37284000,0.36780400,0.36702400,0.36642900
17.669170,0.34146200,0.34510100,0.37798600,0.39683500,0.37575300,0.36964400,0.36853900,0.36767400
17.706770,0.32546000,0.32995400,0.34209500,0.39386000,0.38363900,0.37909300,0.37807600,0.37722600
17.744360,0.31721600,0.31551300,0.32497200,0.38440700,0.38813500,0.38760700,0.38733500,0.38704900
17.781950,0.31665400,0.31364900,0.32510500,0.36629800,0.38345900,0.38620600,0.38668200,0.38703700
17.819550,0.31352800,0.32269400,0.33253000,0.34724100,0.36777900,0.37245700,0.37334400,0.37407100
17.857140,0.29993600,0.32579200,0.33579800,0.33330900,0.34867600,0.35302300,0.35390500,0.35463900
17.894740,0.28912000,0.31972000,0.33029800,0.32602800,0.33338300,0.33611600,0.33673400,0.33724800
17.932330,0.29013200,0.31762100,0.32100300,0.32531200,0.32540300,0.32634900,0.32664100,0.32690100
17.969920,0.29656100,0.31939100,0.31223800,0.32241800,0.32076600,0.32090600,0.32099400,0.32110500
18.007520,0.30049100,0.32114600,0.30663700,0.31475700,0.31245000,0.31262200,0.31266700,0.31273200
18.045110,0.30419200,0.31961800,0.30316100,0.31058100,0.30718300,0.30647300,0.30632500,0.30623300
18.082710,0.31236300,0.31662100,0.30471000,0.31392400,0.31159700,0.31021600,0.30988700,0.30964100
18.120300,0.32094400,0.31556800,0.31668100,0.32315500,0.32345700,0.32211700,0.32175900,0.32146600
18.157890,0.32199500,0.31540800,0.33555500,0.33082300,0.33590800,0.33542200,0.33521100,0.33499200
18.195490,0.31934400,0.31738700,0.35267400,0.32732900,0.33681700,0.33812800,0.33827700,0.33828100
18.233080,0.31787700,0.32252200,0.35950700,0.32120400,0.32589300,0.32820900,0.32860400,0.32877100
18.270680,0.31753500,0.32180900,0.34775800,0.32137000,0.31433800,0.31531900,0.31556700,0.31565300
18.308270,0.32040200,0.31087200,0.32323400,0.32662300,0.31098300,0.30914800,0.30890100,0.30864300
18.345860,0.32948500,0.29891000,0.29728400,0.33027100,0.31728700,0.31413600,0.31357100,0.31309500
18.383460,0.33864500,0.29366700,0.28063500,0.32627500,0.32221800,0.32052700,0.32020000,0.31996400
18.421050,0.34527500,0.29466900,0.28132500,0.31742100,0.32137100,0.32103100,0.32096600,0.32098400
18.458640,0.34906800,0.29914100,0.29393500,0.30885400,0.32105200,0.32183800,0.32191800,0.32204700
18.496240,0.34768200,0.30347800,0.29910800,0.30511800,0.31928700,0.32199400,0.32242200,0.32280100
18.533830,0.34496000,0.30149600,0.28628700,0.30170000,0.31360700,0.31702700,0.31764600,0.31814800
18.571430,0.34331700,0.29533900,0.27137200,0.29015600,0.30467500,0.30831400,0.30896600,0.30944700
18.609020,0.33460400,0.28974100,0.26813600,0.27089300,0.28763300,0.29210100,0.29292400,0.29351100
18.646610,0.31326100,0.28497500,0.27258900,0.25011100,0.26035000,0.26461400,0.26548900,0.26614000
18.684210,0.28830100,0.28214500,0.27622400,0.23712700,0.23371700,0.23549700,0.23599000,0.23638800
18.721800,0.26899000,0.28435000,0.27817400,0.23819500,0.22191600,0.21996800,0.21979000,0.21970500
18.759400,0.25709200,0.28802800,0.27851200,0.25041900,0.22871000,0.22338800,0.22252800,0.22193200
18.796990,0.24919200,0.29267100,0.28016800,0.26869900,0.24988600,0.24334100,0.24207900,0.24115300
18.834590,0.24159100,0.30058900,0.28457800,0.28811500,0.27611400,0.27130000,0.27023500,0.26942000
18.872180,0.23710000,0.31341400,0.29158100,0.30132900,0.29625000,0.29369800,0.29312400,0.29267000
18.909770,0.23667200,0.32255000,0.29633600,0.30046000,0.30255500,0.30197500,0.30182400,0.30169300
18.947370,0.23784800,0.31502300,0.28996000,0.28879600,0.29626100,0.29783700,0.29808200,0.29824200
18.984960,0.24372600,0.29855500,0.28134900,0.27903200,0.28459400,0.28690500,0.28732000,0.28761500
19.022560,0.25273200,0.28461900,0.28108000,0.27275800,0.27401300,0.27564900,0.27597200,0.27622200
19.060150,0.25280300,0.27462000,0.28530600,0.26888900,0.26638900,0.26709700,0.26727900,0.26744500
19.097740,0.24569100,0.25994200,0.28367300,0.27105100,0.26606200,0.26548600,0.26542700,0.26542000
19.135340,0.24344600,0.23651000,0.27202600,0.27644000,0.27096900,0.26950300,0.26925400,0.26909600
19.172930,0.24774900,0.21557600,0.25513000,0.27434800,0.27039300,0.26911200,0.26887900,0.26872700
19.210530,0.25368500,0.20347000,0.23956500,0.25936000,0.26048000,0.26030900,0.26026700,0.26024700
19.248120,0.25747300,0.19784600,0.23004000,0.23837700,0.24574200,0.24692400,0.24713000,0.24726900
19.285710,0.25927600,0.19753500,0.22892300,0.21839300,0.22938200,0.23162400,0.23202600,0.23230100
19.323310,0.26605400,0.20252900,0.23425600,0.20734400,0.21377000,0.21597800,0.21639900,0.21668700
19.360900,0.28182600,0.21342100,0.23661500,0.20986400,0.20655400,0.20687800,0.20698000,0.20702800
19.398490,0.29856900,0.23356100,0.22954800,0.22277900,0.21303200,0.21112000,0.21078300,0.21049900
19.436090,0.30256700,0.26249200,0.22281500,0.23795700,0.22868000,0.22623800,0.22575000,0.22535100
19.473680,0.28830400,0.28890700,0.22636900,0.24969200,0.24392300,0.24245600,0.24215100,0.24191800
19.511280,0.26472200,0.29744800,0.23517400,0.26030300,0.25684500,0.25569000,0.25547100,0.25534400
19.548870,0.24416700,0.28940300,0.23623000,0.26602700,0.26856600,0.26793800,0.26777300,0.26770100
19.586470,0.22902700,0.27798300,0.23025800,0.25639700,0.26775100,0.26916000,0.26935900,0.26954200
19.624060,0.21644200,0.26581800,0.23087800,0.23862500,0.25287200,0.25553600,0.25602800,0.25640400
19.661650,0.21017500,0.25216900,0.24296200,0.22590100,0.23677300,0.23919300,0.23965100,0.23998400
19.699250,0.21225000,0.24562600,0.25990000,0.22231500,0.22492500,0.22637800,0.22666000,0.22685000
19.736840,0.21638500,0.25136800,0.27328400,0.22535000,0.21937000,0.21917100,0.21917400,0.21916800
19.774440,0.21969000,0.25831800,0.27803500,0.23159500,0.22033100,0.21875800,0.21849900,0.21832100
19.812030,0.22372500,0.25221000,0.27731700,0.24101900,0.22530400,0.22298900,0.22260100,0.22235500
19.849620,0.22843500,0.23227800,0.27472700,0.25035300,0.23415600,0.23099600,0.23045800,0.23011400
19.887220,0.23355100,0.21183000,0.26730400,0.25328300,0.24241600,0.23920300,0.23861100,0.23821200
19.924810,0.23501900,0.19885300,0.25093400,0.25138000,0.24492100,0.24248200,0.24197600,0.24160400
19.962400,0.22822900,0.19433600,0.22701300,0.24800300,0.24341700,0.24186600,0.24152300,0.24124300
20.000000,0.21789600,0.19677200,0.20329800,0.24240100,0.24022300,0.23952800,0.23938800,0.23925900
